file_name,labels
p0_1_0.jpg,DEDICATORIA
p0_1_1.jpg,EN
p0_1_2.jpg,LOS
p0_1_3.jpg,CONSEJOS
p0_1_4.jpg,que
p0_1_5.jpg,dexo
p0_1_6.jpg,a
p0_1_7.jpg,sus
p0_1_8.jpg,"hijo,"
p0_1_9.jpg,e
p0_1_10.jpg,hija
p0_1_11.jpg,mayores
p0_1_12.jpg,una
p0_1_13.jpg,gran
p0_1_14.jpg,Señora
p0_1_15.jpg,destos
p0_1_16.jpg,Reynos
p0_1_17.jpg,de
p0_1_18.jpg,España
p0_1_19.jpg,que
p0_1_20.jpg,por
p0_1_21.jpg,justos
p0_1_22.jpg,respec-
p0_1_23.jpg,tos
p0_1_24.jpg,se
p0_1_25.jpg,ocultó
p0_1_26.jpg,su
p0_1_27.jpg,nombre.
p0_1_28.jpg,IENDO
p0_1_29.jpg,(hijos
p0_1_30.jpg,mios)
p0_1_31.jpg,tan
p0_1_32.jpg,"cierto,"
p0_1_33.jpg,que
p0_1_34.jpg,el
p0_1_35.jpg,virtuoso
p0_1_36.jpg,ser
p0_1_37.jpg,es
p0_1_38.jpg,el
p0_1_39.jpg,que
p0_1_40.jpg,por
p0_1_41.jpg,obli-
p0_1_42.jpg,gacion
p0_1_43.jpg,han
p0_1_44.jpg,de
p0_1_45.jpg,dar
p0_1_46.jpg,a
p0_1_47.jpg,los
p0_1_48.jpg,hijos
p0_1_49.jpg,sus
p0_1_50.jpg,Pa-
p0_1_51.jpg,"dres,"
p0_1_52.jpg,y
p0_1_53.jpg,por
p0_1_54.jpg,el
p0_1_55.jpg,que
p0_1_56.jpg,principalmente
p0_1_57.jpg,ellos
p0_1_58.jpg,les
p0_1_59.jpg,pueden
p0_1_60.jpg,quedar
p0_1_61.jpg,obligados;
p0_1_62.jpg,desseando
p0_1_63.jpg,yo
p0_1_64.jpg,cumplir
p0_1_65.jpg,en
p0_1_66.jpg,esto
p0_1_67.jpg,la
p0_1_68.jpg,par
p0_1_69.jpg,te
p0_1_70.jpg,que
p0_1_71.jpg,me
p0_1_72.jpg,"toca,"
p0_1_73.jpg,y
p0_1_74.jpg,executaros
p0_1_75.jpg,en
p0_1_76.jpg,la
p0_1_77.jpg,"vuestra,"
p0_1_78.jpg,no
p0_1_79.jpg,aviendose
p0_1_80.jpg,servido
p0_1_81.jpg,nues-
p1_1_0.jpg,tro
p1_1_1.jpg,Señor
p1_1_2.jpg,por
p1_1_3.jpg,sus
p1_1_4.jpg,rectisimos
p1_1_5.jpg,y
p1_1_6.jpg,ocul
p1_1_7.jpg,tos
p1_1_8.jpg,juyzios
p1_1_9.jpg,de
p1_1_10.jpg,darme
p1_1_11.jpg,"tiempo,"
p1_1_12.jpg,para
p1_1_13.jpg,vuestra
p1_1_14.jpg,educacion
p1_1_15.jpg,lo
p1_1_16.jpg,mani
p1_1_17.jpg,"festasse,"
p1_1_18.jpg,pues
p1_1_19.jpg,me
p1_1_20.jpg,hallo
p1_1_21.jpg,tantos
p1_1_22.jpg,meses
p1_1_23.jpg,ha
p1_1_24.jpg,rendida
p1_1_25.jpg,en
p1_1_26.jpg,esta
p1_1_27.jpg,"cama,"
p1_1_28.jpg,a
p1_1_29.jpg,una
p1_1_30.jpg,en
p1_1_31.jpg,fermedad
p1_1_32.jpg,"tal,"
p1_1_33.jpg,que
p1_1_34.jpg,desde
p1_1_35.jpg,su
p1_1_36.jpg,princi
p1_1_37.jpg,pio
p1_1_38.jpg,me
p1_1_39.jpg,amenaza
p1_1_40.jpg,con
p1_1_41.jpg,la
p1_1_42.jpg,"muerte,"
p1_1_43.jpg,y
p1_1_44.jpg,vuestra
p1_1_45.jpg,orfandad
p1_1_46.jpg,en
p1_1_47.jpg,tiernos
p1_1_48.jpg,"años,"
p1_1_49.jpg,asi
p1_1_50.jpg,pues
p1_1_51.jpg,como
p1_1_52.jpg,os
p1_1_53.jpg,di
p1_1_54.jpg,al
p1_1_55.jpg,mundo
p1_1_56.jpg,con
p1_1_57.jpg,"dolores,"
p1_1_58.jpg,con
p1_1_59.jpg,los
p1_1_60.jpg,de
p1_1_61.jpg,tan
p1_1_62.jpg,penosos
p1_1_63.jpg,ac-
p1_1_64.jpg,"cidentes,"
p1_1_65.jpg,os
p1_1_66.jpg,procuro
p1_1_67.jpg,encaminar
p1_1_68.jpg,ahora
p1_1_69.jpg,a
p1_1_70.jpg,"Dios,"
p1_1_71.jpg,y
p1_1_72.jpg,que
p1_1_73.jpg,renazcays
p1_1_74.jpg,de
p1_1_75.jpg,mi
p1_1_76.jpg,para
p1_1_77.jpg,"él,"
p1_1_78.jpg,por
p1_1_79.jpg,medio
p1_1_80.jpg,de
p1_1_81.jpg,la
p1_1_82.jpg,"virtud,"
p1_1_83.jpg,a
p1_1_84.jpg,que
p1_1_85.jpg,os
p1_1_86.jpg,exorto
p1_1_87.jpg,con
p1_1_88.jpg,estos
p1_1_89.jpg,documen
p1_1_90.jpg,tos
p1_1_91.jpg,(que
p1_1_92.jpg,he
p1_1_93.jpg,recogido
p1_1_94.jpg,con
p1_1_95.jpg,el
p1_1_96.jpg,desve-
p1_1_97.jpg,lo
p1_1_98.jpg,posible)
p1_1_99.jpg,juzgando
p1_1_100.jpg,es
p1_1_101.jpg,la
p1_1_102.jpg,mas
p1_1_103.jpg,esti-
p1_1_104.jpg,mable
p1_1_105.jpg,herencia
p1_1_106.jpg,que
p1_1_107.jpg,puedo
p1_1_108.jpg,dexaros
p1_1_109.jpg,en
p1_1_110.jpg,prendas
p1_1_111.jpg,del
p1_1_112.jpg,entrañable
p1_1_113.jpg,amor
p1_1_114.jpg,que
p1_1_115.jpg,os
p1_1_116.jpg,"tengo,"
p1_1_117.jpg,por
p1_1_118.jpg,"este,"
p1_1_119.jpg,y
p1_1_120.jpg,en
p1_1_121.jpg,primer
p1_1_122.jpg,lugar
p1_1_123.jpg,por
p1_1_124.jpg,el
p1_1_125.jpg,que
p1_1_126.jpg,deveys
p1_1_127.jpg,a
p1_1_128.jpg,"Dios,"
p1_1_129.jpg,os
p1_1_130.jpg,"pido,"
p1_1_131.jpg,y
p1_1_132.jpg,"encargo,"
p1_1_133.jpg,que
p1_1_134.jpg,me
p1_1_135.jpg,libreys
p1_1_136.jpg,la
p1_1_137.jpg,paga
p1_1_138.jpg,en
p1_1_139.jpg,el
p1_1_140.jpg,puntual
p1_1_141.jpg,exercicio
p1_1_142.jpg,"dellos,"
p1_1_143.jpg,y
p1_1_144.jpg,en
p1_1_145.jpg,premio
p1_1_146.jpg,os
p1_1_147.jpg,prometo
p1_1_148.jpg,(con
p1_1_149.jpg,mi
p1_1_150.jpg,"bendicion,"
p1_1_151.jpg,que
p1_1_152.jpg,desde
p1_1_153.jpg,aquí
p1_1_154.jpg,os
p1_1_155.jpg,doy)
p1_2_0.jpg,de
p1_2_1.jpg,parte
p1_2_2.jpg,de
p1_2_3.jpg,Dios
p1_2_4.jpg,los
p1_2_5.jpg,doce
p1_2_6.jpg,mas
p1_2_7.jpg,ex
p1_2_8.jpg,celentes
p1_2_9.jpg,que
p1_2_10.jpg,un
p1_2_11.jpg,Maestro
p1_2_12.jpg,de
p1_2_13.jpg,espiri-
p1_2_14.jpg,tu
p1_2_15.jpg,largamente
p1_2_16.jpg,"escribe,"
p1_2_17.jpg,y
p1_2_18.jpg,son
p1_2_19.jpg,en
p1_2_20.jpg,su-
p1_2_21.jpg,tendra
p1_2_22.jpg,su
p1_2_23.jpg,divina
p1_2_24.jpg,Magestad
p1_2_25.jpg,providencia
p1_2_26.jpg,particular
p1_2_27.jpg,de
p1_2_28.jpg,"vosotros,"
p1_2_29.jpg,y
p1_2_30.jpg,os
p1_2_31.jpg,concedera
p1_2_32.jpg,la
p1_2_33.jpg,gracia
p1_2_34.jpg,del
p1_2_35.jpg,Espíri-
p1_2_36.jpg,tu
p1_2_37.jpg,"Santo,"
p1_2_38.jpg,sus
p1_2_39.jpg,"consolaciones,"
p1_2_40.jpg,y
p1_2_41.jpg,lum-
p1_2_42.jpg,bre
p1_2_43.jpg,"sobrenatural,"
p1_2_44.jpg,la
p1_2_45.jpg,alegría
p1_2_46.jpg,de
p1_2_47.jpg,la
p1_2_48.jpg,buena
p1_2_49.jpg,"conciencia,"
p1_2_50.jpg,la
p1_2_51.jpg,esperanza
p1_2_52.jpg,en
p1_2_53.jpg,la
p1_2_54.jpg,divina
p1_2_55.jpg,"misericordia,"
p1_2_56.jpg,la
p1_2_57.jpg,verdadera
p1_2_58.jpg,li
p1_2_59.jpg,"bertad,"
p1_2_60.jpg,y
p1_2_61.jpg,paz
p1_2_62.jpg,"interior,"
p1_2_63.jpg,oydo
p1_2_64.jpg,grato
p1_2_65.jpg,a
p1_2_66.jpg,vuestras
p1_2_67.jpg,"oraciones,"
p1_2_68.jpg,su
p1_2_69.jpg,"asistencia,"
p1_2_70.jpg,y
p1_2_71.jpg,favor
p1_2_72.jpg,en
p1_2_73.jpg,los
p1_2_74.jpg,"trabajos,"
p1_2_75.jpg,y
p1_2_76.jpg,benciciones
p1_2_77.jpg,que
p1_2_78.jpg,en
p1_2_79.jpg,la
p1_2_80.jpg,Santa
p1_2_81.jpg,Escritura
p1_2_82.jpg,promete
p1_2_83.jpg,a
p1_2_84.jpg,los
p1_2_85.jpg,virtuosos
p1_2_86.jpg,de
p1_2_87.jpg,todo
p1_2_88.jpg,lo
p1_2_89.jpg,"temporal,"
p1_2_90.jpg,y
p1_2_91.jpg,"ultimamente,"
p1_2_92.jpg,glorioso
p1_2_93.jpg,y
p1_2_94.jpg,alegre
p1_2_95.jpg,"fin,"
p1_2_96.jpg,que
p1_2_97.jpg,cada
p1_2_98.jpg,cosa
p1_2_99.jpg,destas
p1_2_100.jpg,por
p1_2_101.jpg,si
p1_2_102.jpg,pu-
p1_2_103.jpg,diera
p1_2_104.jpg,sernos
p1_2_105.jpg,incentivo
p1_2_106.jpg,para
p1_2_107.jpg,seguir
p1_2_108.jpg,el
p1_2_109.jpg,camino
p1_2_110.jpg,de
p1_2_111.jpg,la
p1_2_112.jpg,"virtud,"
p1_2_113.jpg,aunque
p1_2_114.jpg,no
p1_2_115.jpg,nos
p1_2_116.jpg,tuviera
p1_2_117.jpg,Dios
p1_2_118.jpg,de
p1_2_119.jpg,antemano
p1_2_120.jpg,o-
p1_2_121.jpg,bligados
p1_2_122.jpg,a
p1_2_123.jpg,"ella,"
p1_2_124.jpg,por
p1_2_125.jpg,ser
p1_2_126.jpg,el
p1_2_127.jpg,que
p1_2_128.jpg,"es,"
p1_2_129.jpg,y
p1_2_130.jpg,por
p1_2_131.jpg,los
p1_2_132.jpg,inestimables
p1_2_133.jpg,beneficios
p1_2_134.jpg,ge
p1_2_135.jpg,nerales
p1_2_136.jpg,de
p1_2_137.jpg,la
p1_2_138.jpg,"creacion,"
p1_2_139.jpg,conserva-
p1_2_140.jpg,"cion,"
p1_2_141.jpg,"redempcion,"
p1_2_142.jpg,"justificacion,"
p1_2_143.jpg,y
p2_1_0.jpg,"predeterminacion,"
p2_1_1.jpg,a
p2_1_2.jpg,q
p2_1_3.jpg,se
p2_1_4.jpg,añaden
p2_1_5.jpg,en
p2_1_6.jpg,ca-
p2_1_7.jpg,da
p2_1_8.jpg,uno
p2_1_9.jpg,los
p2_1_10.jpg,particulares
p2_1_11.jpg,suyos.
p2_1_12.jpg,Aqui
p2_1_13.jpg,os
p2_1_14.jpg,hago
p2_1_15.jpg,memoria
p2_1_16.jpg,de
p2_1_17.jpg,la
p2_1_18.jpg,calidad
p2_1_19.jpg,que
p2_1_20.jpg,os
p2_1_21.jpg,"dio,"
p2_1_22.jpg,que
p2_1_23.jpg,se
p2_1_24.jpg,funda
p2_1_25.jpg,en
p2_1_26.jpg,la
p2_1_27.jpg,excelencia
p2_1_28.jpg,de
p2_1_29.jpg,la
p2_1_30.jpg,"virtud,"
p2_1_31.jpg,origen
p2_1_32.jpg,de
p2_1_33.jpg,que
p2_1_34.jpg,se
p2_1_35.jpg,deriva
p2_1_36.jpg,qualquiera
p2_1_37.jpg,verdadera
p2_1_38.jpg,"nobleza,"
p2_1_39.jpg,y
p2_1_40.jpg,pues
p2_1_41.jpg,es
p2_1_42.jpg,"deuda,"
p2_1_43.jpg,y
p2_1_44.jpg,efecto
p2_1_45.jpg,de
p2_1_46.jpg,la
p2_1_47.jpg,"virtud,"
p2_1_48.jpg,sed
p2_1_49.jpg,tales
p2_1_50.jpg,como
p2_1_51.jpg,ella
p2_1_52.jpg,os
p2_1_53.jpg,obliga
p2_1_54.jpg,a
p2_1_55.jpg,"ser,"
p2_1_56.jpg,mirad
p2_1_57.jpg,que
p2_1_58.jpg,no
p2_1_59.jpg,solo
p2_1_60.jpg,es
p2_1_61.jpg,"necesaria,"
p2_1_62.jpg,sino
p2_1_63.jpg,forzosa
p2_1_64.jpg,en
p2_1_65.jpg,los
p2_1_66.jpg,nobles
p2_1_67.jpg,la
p2_1_68.jpg,"virtud,"
p2_1_69.jpg,y
p2_1_70.jpg,que
p2_1_71.jpg,el
p2_1_72.jpg,que
p2_1_73.jpg,la
p2_1_74.jpg,"busca,"
p2_1_75.jpg,es
p2_1_76.jpg,el
p2_1_77.jpg,que
p2_1_78.jpg,se
p2_1_79.jpg,muestra
p2_1_80.jpg,de
p2_1_81.jpg,más
p2_1_82.jpg,"generoso,"
p2_1_83.jpg,y
p2_1_84.jpg,noble
p2_1_85.jpg,"animo,"
p2_1_86.jpg,y
p2_1_87.jpg,como
p2_1_88.jpg,dixo
p2_1_89.jpg,Bruno
p2_1_90.jpg,Sigui-
p2_1_91.jpg,"no,"
p2_1_92.jpg,puede
p2_1_93.jpg,ser
p2_1_94.jpg,mas
p2_1_95.jpg,noble
p2_1_96.jpg,el
p2_1_97.jpg,esclavo
p2_1_98.jpg,que
p2_1_99.jpg,su
p2_1_100.jpg,"señor,"
p2_1_101.jpg,pues
p2_1_102.jpg,consiste
p2_1_103.jpg,la
p2_1_104.jpg,noble-
p2_1_105.jpg,za
p2_1_106.jpg,mayor
p2_1_107.jpg,en
p2_1_108.jpg,mas
p2_1_109.jpg,"virtud,"
p2_1_110.jpg,y
p2_1_111.jpg,nace
p2_1_112.jpg,de-
p2_1_113.jpg,lla
p2_1_114.jpg,la
p2_1_115.jpg,"nobleza,"
p2_1_116.jpg,conservase
p2_1_117.jpg,en
p2_1_118.jpg,"ella,"
p2_1_119.jpg,queda
p2_1_120.jpg,cadaver
p2_1_121.jpg,"falta,"
p2_1_122.jpg,por
p2_1_123.jpg,ser
p2_1_124.jpg,el
p2_1_125.jpg,"alma,"
p2_1_126.jpg,y
p2_1_127.jpg,vida
p2_1_128.jpg,de
p2_1_129.jpg,la
p2_1_130.jpg,nobleza
p2_1_131.jpg,la
p2_1_132.jpg,"virtud,"
p2_1_133.jpg,ella
p2_1_134.jpg,tiene
p2_1_135.jpg,mayor
p2_1_136.jpg,fuerza
p2_1_137.jpg,que
p2_1_138.jpg,todas
p2_1_139.jpg,las
p2_1_140.jpg,y
p2_1_141.jpg,tan
p2_1_142.jpg,grande
p2_1_143.jpg,"claridad,"
p2_1_144.jpg,que
p2_1_145.jpg,aunque
p2_1_146.jpg,este
p2_1_147.jpg,en
p2_1_148.jpg,lugar
p2_1_149.jpg,"obscuro,"
p2_1_150.jpg,a
p2_1_151.jpg,si
p2_1_152.jpg,misma
p2_1_153.jpg,se
p2_1_154.jpg,haze
p2_1_155.jpg,luz
p2_1_156.jpg,como
p2_1_157.jpg,la
p2_1_158.jpg,más
p2_1_159.jpg,rica
p2_1_160.jpg,de
p2_1_161.jpg,las
p2_1_162.jpg,"piedras,"
p2_1_163.jpg,q
p2_1_164.jpg,es
p2_1_165.jpg,el
p2_1_166.jpg,"Carbunco,"
p2_1_167.jpg,sol
p2_2_0.jpg,ella
p2_2_1.jpg,es
p2_2_2.jpg,suficiente
p2_2_3.jpg,premio
p2_2_4.jpg,del
p2_2_5.jpg,virtuo-
p2_2_6.jpg,so:
p2_2_7.jpg,es
p2_2_8.jpg,tan
p2_2_9.jpg,"noble,"
p2_2_10.jpg,que
p2_2_11.jpg,ni
p2_2_12.jpg,puede
p2_2_13.jpg,usar
p2_2_14.jpg,mal
p2_2_15.jpg,de
p2_2_16.jpg,"nada,"
p2_2_17.jpg,ni
p2_2_18.jpg,nadie
p2_2_19.jpg,mal
p2_2_20.jpg,"della,"
p2_2_21.jpg,y
p2_2_22.jpg,el
p2_2_23.jpg,sujeto
p2_2_24.jpg,"propio,"
p2_2_25.jpg,y
p2_2_26.jpg,asiento
p2_2_27.jpg,"suyo,"
p2_2_28.jpg,es
p2_2_29.jpg,el
p2_2_30.jpg,más
p2_2_31.jpg,"excelente,"
p2_2_32.jpg,pues
p2_2_33.jpg,en
p2_2_34.jpg,el
p2_2_35.jpg,hombre
p2_2_36.jpg,es
p2_2_37.jpg,el
p2_2_38.jpg,"corazon,"
p2_2_39.jpg,y
p2_2_40.jpg,en
p2_2_41.jpg,el
p2_2_42.jpg,mundo
p2_2_43.jpg,los
p2_2_44.jpg,"Principes,"
p2_2_45.jpg,y
p2_2_46.jpg,Reyes;
p2_2_47.jpg,esta
p2_2_48.jpg,sola
p2_2_49.jpg,es
p2_2_50.jpg,la
p2_2_51.jpg,que
p2_2_52.jpg,quita
p2_2_53.jpg,el
p2_2_54.jpg,sentimiento
p2_2_55.jpg,de
p2_2_56.jpg,las
p2_2_57.jpg,es-
p2_2_58.jpg,pinas
p2_2_59.jpg,de
p2_2_60.jpg,la
p2_2_61.jpg,"vida,"
p2_2_62.jpg,y
p2_2_63.jpg,contra
p2_2_64.jpg,ella
p2_2_65.jpg,no
p2_2_66.jpg,tienen
p2_2_67.jpg,las
p2_2_68.jpg,calamidades
p2_2_69.jpg,más
p2_2_70.jpg,fuerza
p2_2_71.jpg,que
p2_2_72.jpg,la
p2_2_73.jpg,niebla
p2_2_74.jpg,contra
p2_2_75.jpg,el
p2_2_76.jpg,Sol.
p2_2_77.jpg,Socra-
p2_2_78.jpg,tes
p2_2_79.jpg,preguntado.
p2_2_80.jpg,Por
p2_2_81.jpg,"Iorgias,"
p2_2_82.jpg,si
p2_2_83.jpg,te
p2_2_84.jpg,nía
p2_2_85.jpg,por
p2_2_86.jpg,dichoso
p2_2_87.jpg,al
p2_2_88.jpg,Rey
p2_2_89.jpg,de
p2_2_90.jpg,"Persia,"
p2_2_91.jpg,respondio:
p2_2_92.jpg,No
p2_2_93.jpg,puedo
p2_2_94.jpg,juzgar
p2_2_95.jpg,de
p2_2_96.jpg,es-
p2_2_97.jpg,"so,"
p2_2_98.jpg,sin
p2_2_99.jpg,saber
p2_2_100.jpg,quanta
p2_2_101.jpg,virtud
p2_2_102.jpg,tiene.
p2_2_103.jpg,Y
p2_2_104.jpg,conforma
p2_2_105.jpg,con
p2_2_106.jpg,esto
p2_2_107.jpg,lo
p2_2_108.jpg,que
p2_2_109.jpg,Seneca
p2_2_110.jpg,después
p2_2_111.jpg,de
p2_2_112.jpg,largos
p2_2_113.jpg,discursos
p2_2_114.jpg,conclu-
p2_2_115.jpg,"ye,"
p2_2_116.jpg,de
p2_2_117.jpg,que
p2_2_118.jpg,en
p2_2_119.jpg,ella
p2_2_120.jpg,consiste
p2_2_121.jpg,la
p2_2_122.jpg,bien
p2_2_123.jpg,"aventurada,"
p2_2_124.jpg,y
p2_2_125.jpg,mas
p2_2_126.jpg,feliz
p2_2_127.jpg,"vida,"
p2_2_128.jpg,a
p2_2_129.jpg,que
p2_2_130.jpg,"añade,"
p2_2_131.jpg,que
p2_2_132.jpg,sola
p2_2_133.jpg,la
p2_2_134.jpg,virtud
p2_2_135.jpg,es
p2_2_136.jpg,el
p2_2_137.jpg,propio
p2_2_138.jpg,bien
p2_2_139.jpg,del
p2_2_140.jpg,"hombre,"
p2_2_141.jpg,pues
p2_2_142.jpg,to-
p2_2_143.jpg,das
p2_2_144.jpg,las
p2_2_145.jpg,demas
p2_2_146.jpg,cosas
p2_2_147.jpg,humanas
p2_2_148.jpg,se
p2_2_149.jpg,con-
p2_2_150.jpg,"sumen,"
p2_2_151.jpg,y
p2_2_152.jpg,ella
p2_2_153.jpg,da
p2_2_154.jpg,muestras
p2_2_155.jpg,de
p2_2_156.jpg,natu
p2_2_157.jpg,raleza
p2_2_158.jpg,"eterna,"
p2_2_159.jpg,no
p2_2_160.jpg,aviendo
p2_2_161.jpg,otra
p2_2_162.jpg,co-
p3_1_0.jpg,sa
p3_1_1.jpg,de
p3_1_2.jpg,"immortal,"
p3_1_3.jpg,que
p3_1_4.jpg,a
p3_1_5.jpg,los
p3_1_6.jpg,mortales
p3_1_7.jpg,toque.
p3_1_8.jpg,Para
p3_1_9.jpg,que
p3_1_10.jpg,conozcays
p3_1_11.jpg,"pues,"
p3_1_12.jpg,que
p3_1_13.jpg,es
p3_1_14.jpg,la
p3_1_15.jpg,virtud
p3_1_16.jpg,de
p3_1_17.jpg,que
p3_1_18.jpg,aqui
p3_1_19.jpg,os
p3_1_20.jpg,ha-
p3_1_21.jpg,blo
p3_1_22.jpg,en
p3_1_23.jpg,general
p3_1_24.jpg,(remitiendo
p3_1_25.jpg,para
p3_1_26.jpg,adelante
p3_1_27.jpg,lo
p3_1_28.jpg,particular)
p3_1_29.jpg,dize
p3_1_30.jpg,Aristo-
p3_1_31.jpg,"teles,"
p3_1_32.jpg,que
p3_1_33.jpg,es
p3_1_34.jpg,un
p3_1_35.jpg,habito
p3_1_36.jpg,para
p3_1_37.jpg,elegir
p3_1_38.jpg,lo
p3_1_39.jpg,"recto,"
p3_1_40.jpg,el
p3_1_41.jpg,qual
p3_1_42.jpg,haze
p3_1_43.jpg,bueno
p3_1_44.jpg,al
p3_1_45.jpg,hom-
p3_1_46.jpg,bre
p3_1_47.jpg,y
p3_1_48.jpg,sus
p3_1_49.jpg,"obras,"
p3_1_50.jpg,y
p3_1_51.jpg,segun
p3_1_52.jpg,la
p3_1_53.jpg,difinen
p3_1_54.jpg,San
p3_1_55.jpg,"Agustin,"
p3_1_56.jpg,y
p3_1_57.jpg,Santo
p3_1_58.jpg,Thomas;
p3_1_59.jpg,es
p3_1_60.jpg,una
p3_1_61.jpg,qualidad
p3_1_62.jpg,del
p3_1_63.jpg,"alma,"
p3_1_64.jpg,con
p3_1_65.jpg,que
p3_1_66.jpg,se
p3_1_67.jpg,vive
p3_1_68.jpg,"rectamente,"
p3_1_69.jpg,y
p3_1_70.jpg,la
p3_1_71.jpg,que
p3_1_72.jpg,yo
p3_1_73.jpg,creo
p3_1_74.jpg,os
p3_1_75.jpg,condederá
p3_1_76.jpg,nuestro
p3_1_77.jpg,"Señor,"
p3_1_78.jpg,obli-
p3_1_79.jpg,gándole
p3_1_80.jpg,con
p3_1_81.jpg,"pidírsela,"
p3_1_82.jpg,y
p3_1_83.jpg,disponer-
p3_1_84.jpg,os
p3_1_85.jpg,de
p3_1_86.jpg,vuestra
p3_1_87.jpg,parte;
p3_1_88.jpg,assi
p3_1_89.jpg,sea
p3_1_90.jpg,como
p3_1_91.jpg,yo
p3_1_92.jpg,"desseo,"
p3_1_93.jpg,y
p3_1_94.jpg,que
p3_1_95.jpg,os
p3_1_96.jpg,de
p3_1_97.jpg,larga
p3_1_98.jpg,vida
p3_1_99.jpg,para
p3_1_100.jpg,grangear
p3_1_101.jpg,en
p3_1_102.jpg,ella
p3_1_103.jpg,mucha
p3_1_104.jpg,gloria.
p3_2_0.jpg,Consejos
p3_2_1.jpg,que
p3_2_2.jpg,dexó
p3_2_3.jpg,la
p3_2_4.jpg,dicha
p3_2_5.jpg,Señora
p3_2_6.jpg,a
p3_2_7.jpg,su
p3_2_8.jpg,hijo
p3_2_9.jpg,Primogénito.
p3_2_10.jpg,No
p3_2_11.jpg,de
p3_2_12.jpg,los
p3_2_13.jpg,enga-
p3_2_14.jpg,ños
p3_2_15.jpg,injustamente
p3_2_16.jpg,más
p3_2_17.jpg,recibidos
p3_2_18.jpg,en
p3_2_19.jpg,el
p3_2_20.jpg,"mundo,"
p3_2_21.jpg,es
p3_2_22.jpg,"creer,"
p3_2_23.jpg,que
p3_2_24.jpg,los
p3_2_25.jpg,bienes
p3_2_26.jpg,na
p3_2_27.jpg,"turales,"
p3_2_28.jpg,en
p3_2_29.jpg,que
p3_2_30.jpg,al-
p3_2_31.jpg,gunos
p3_2_32.jpg,por
p3_2_33.jpg,privilegio
p3_2_34.jpg,nacen
p3_2_35.jpg,here-
p3_2_36.jpg,"dados,"
p3_2_37.jpg,son
p3_2_38.jpg,para
p3_2_39.jpg,vivir
p3_2_40.jpg,mas
p3_2_41.jpg,licencio-
p3_2_42.jpg,samente
p3_2_43.jpg,con
p3_2_44.jpg,solo
p3_2_45.jpg,estima
p3_2_46.jpg,"propia,"
p3_2_47.jpg,y
p3_2_48.jpg,desprecio
p3_2_49.jpg,de
p3_2_50.jpg,los
p3_2_51.jpg,"otros,"
p3_2_52.jpg,con
p3_2_53.jpg,super-
p3_2_54.jpg,fluos
p3_2_55.jpg,"regalos,"
p3_2_56.jpg,y
p3_2_57.jpg,soberania
p3_2_58.jpg,"tiranica,"
p3_2_59.jpg,entregandose
p3_2_60.jpg,de
p3_2_61.jpg,tal
p3_2_62.jpg,suerte
p3_2_63.jpg,a
p3_2_64.jpg,todo
p3_2_65.jpg,genero
p3_2_66.jpg,de
p3_2_67.jpg,"vicios,"
p3_2_68.jpg,que
p3_2_69.jpg,estos
p3_2_70.jpg,tengan
p3_2_71.jpg,campal
p3_2_72.jpg,"guerra,"
p3_2_73.jpg,sobre
p3_2_74.jpg,ser
p3_2_75.jpg,cada
p3_2_76.jpg,uno
p3_2_77.jpg,el
p3_2_78.jpg,mayor.
p3_2_79.jpg,Y
p3_2_80.jpg,"assi,"
p3_2_81.jpg,si
p3_2_82.jpg,bien
p3_2_83.jpg,ay
p3_2_84.jpg,algunos
p3_2_85.jpg,grandes
p3_2_86.jpg,"Señores,"
p3_2_87.jpg,que
p3_2_88.jpg,conocen
p3_2_89.jpg,ser
p3_2_90.jpg,la
p3_2_91.jpg,verdadera
p3_2_92.jpg,calidad
p3_2_93.jpg,la
p3_2_94.jpg,"Virtud,"
p3_2_95.jpg,y
p3_2_96.jpg,la
p3_2_97.jpg,"mayor,"
p3_2_98.jpg,no
p3_2_99.jpg,la
p3_2_100.jpg,"heredada,"
p3_2_101.jpg,sino
p3_2_102.jpg,la
p3_2_103.jpg,pro-
p4_1_0.jpg,pia
p4_1_1.jpg,(que
p4_1_2.jpg,procuran)
p4_1_3.jpg,pero
p4_1_4.jpg,son
p4_1_5.jpg,mas
p4_1_6.jpg,los
p4_1_7.jpg,que
p4_1_8.jpg,dexandose
p4_1_9.jpg,llevar
p4_1_10.jpg,de
p4_1_11.jpg,incli-
p4_1_12.jpg,naciones
p4_1_13.jpg,"depravadas,"
p4_1_14.jpg,y
p4_1_15.jpg,aduladores
p4_1_16.jpg,(peste
p4_1_17.jpg,de
p4_1_18.jpg,la
p4_1_19.jpg,Nobleza)
p4_1_20.jpg,usan
p4_1_21.jpg,mal
p4_1_22.jpg,de
p4_1_23.jpg,la
p4_1_24.jpg,"autoridad,"
p4_1_25.jpg,y
p4_1_26.jpg,rentas
p4_1_27.jpg,con
p4_1_28.jpg,que
p4_1_29.jpg,se
p4_1_30.jpg,"hallan,"
p4_1_31.jpg,tomando
p4_1_32.jpg,por
p4_1_33.jpg,armas
p4_1_34.jpg,contra
p4_1_35.jpg,"Dios,"
p4_1_36.jpg,las
p4_1_37.jpg,mercedes
p4_1_38.jpg,que
p4_1_39.jpg,del
p4_1_40.jpg,recibie
p4_1_41.jpg,"ron,"
p4_1_42.jpg,y
p4_1_43.jpg,"desestimandose,"
p4_1_44.jpg,con
p4_1_45.jpg,lo
p4_1_46.jpg,que
p4_1_47.jpg,piensan
p4_1_48.jpg,se
p4_1_49.jpg,"engrandecen,"
p4_1_50.jpg,pues
p4_1_51.jpg,en
p4_1_52.jpg,to
p4_1_53.jpg,das
p4_1_54.jpg,las
p4_1_55.jpg,cosas
p4_1_56.jpg,quieren
p4_1_57.jpg,bondad
p4_1_58.jpg,sino
p4_1_59.jpg,en
p4_1_60.jpg,si
p4_1_61.jpg,"mismos,"
p4_1_62.jpg,como
p4_1_63.jpg,dixo
p4_1_64.jpg,San
p4_1_65.jpg,Agus-
p4_1_66.jpg,tin:
p4_1_67.jpg,y
p4_1_68.jpg,siendo
p4_1_69.jpg,de
p4_1_70.jpg,los
p4_1_71.jpg,que
p4_1_72.jpg,David
p4_1_73.jpg,dize
p4_1_74.jpg,no
p4_1_75.jpg,conocieron
p4_1_76.jpg,la
p4_1_77.jpg,honra
p4_1_78.jpg,en
p4_1_79.jpg,que
p4_1_80.jpg,fue-
p4_1_81.jpg,ron
p4_1_82.jpg,"criados,"
p4_1_83.jpg,y
p4_1_84.jpg,la
p4_1_85.jpg,pusieron
p4_1_86.jpg,en
p4_1_87.jpg,lo
p4_1_88.jpg,que
p4_1_89.jpg,mas
p4_1_90.jpg,los
p4_1_91.jpg,"abatio,"
p4_1_92.jpg,pues
p4_1_93.jpg,consistiendo
p4_1_94.jpg,la
p4_1_95.jpg,verdadera
p4_1_96.jpg,en
p4_1_97.jpg,"servir,"
p4_1_98.jpg,y
p4_1_99.jpg,agradar
p4_1_100.jpg,a
p4_1_101.jpg,"Dios,"
p4_1_102.jpg,vemos
p4_1_103.jpg,q
p4_1_104.jpg,dan
p4_1_105.jpg,en
p4_1_106.jpg,hazerse
p4_1_107.jpg,estos
p4_1_108.jpg,"sectarios,"
p4_1_109.jpg,y
p4_1_110.jpg,cabezas
p4_1_111.jpg,mostruosas
p4_1_112.jpg,de
p4_1_113.jpg,"vicios,"
p4_1_114.jpg,professando
p4_1_115.jpg,unos
p4_1_116.jpg,la
p4_1_117.jpg,valen
p4_1_118.jpg,tia
p4_1_119.jpg,(en
p4_1_120.jpg,ellos
p4_1_121.jpg,falsa
p4_1_122.jpg,y
p4_1_123.jpg,civil)
p4_1_124.jpg,otros
p4_1_125.jpg,ser
p4_1_126.jpg,"graciosos,"
p4_1_127.jpg,hurtando
p4_1_128.jpg,el
p4_1_129.jpg,oficio
p4_1_130.jpg,a
p4_1_131.jpg,los
p4_1_132.jpg,"truhanes,"
p4_1_133.jpg,otros
p4_1_134.jpg,sabios
p4_1_135.jpg,muy
p4_1_136.jpg,por
p4_1_137.jpg,lo
p4_1_138.jpg,"inchado,"
p4_1_139.jpg,unos
p4_1_140.jpg,enfadados
p4_1_141.jpg,de
p4_1_142.jpg,"todos,"
p4_1_143.jpg,y
p4_1_144.jpg,"descorteses,"
p4_1_145.jpg,Poetas
p4_1_146.jpg,con
p4_1_147.jpg,agenos
p4_2_0.jpg,versos:
p4_2_1.jpg,los
p4_2_2.jpg,"locos,"
p4_2_3.jpg,y
p4_2_4.jpg,los
p4_2_5.jpg,que
p4_2_6.jpg,mas
p4_2_7.jpg,lo
p4_2_8.jpg,"son,"
p4_2_9.jpg,enamorados;
p4_2_10.jpg,y
p4_2_11.jpg,llega
p4_2_12.jpg,la
p4_2_13.jpg,desdicha
p4_2_14.jpg,de
p4_2_15.jpg,nuestros
p4_2_16.jpg,tiempos
p4_2_17.jpg,a
p4_2_18.jpg,ver
p4_2_19.jpg,baylar
p4_2_20.jpg,como
p4_2_21.jpg,"mugeres,"
p4_2_22.jpg,nietos
p4_2_23.jpg,de
p4_2_24.jpg,los
p4_2_25.jpg,que
p4_2_26.jpg,truxeron
p4_2_27.jpg,casi
p4_2_28.jpg,toda
p4_2_29.jpg,su
p4_2_30.jpg,vida
p4_2_31.jpg,el
p4_2_32.jpg,peso
p4_2_33.jpg,de
p4_2_34.jpg,los
p4_2_35.jpg,Arneses
p4_2_36.jpg,sobre
p4_2_37.jpg,"si,"
p4_2_38.jpg,y
p4_2_39.jpg,las
p4_2_40.jpg,armas
p4_2_41.jpg,en
p4_2_42.jpg,la
p4_2_43.jpg,"mano,"
p4_2_44.jpg,con
p4_2_45.jpg,que
p4_2_46.jpg,les
p4_2_47.jpg,ganaron
p4_2_48.jpg,lo
p4_2_49.jpg,que
p4_2_50.jpg,tan
p4_2_51.jpg,indignamente
p4_2_52.jpg,posseen.
p4_2_53.jpg,Tampoco
p4_2_54.jpg,faltan
p4_2_55.jpg,"otros,"
p4_2_56.jpg,que
p4_2_57.jpg,hazen
p4_2_58.jpg,gracia
p4_2_59.jpg,de
p4_2_60.jpg,exceder
p4_2_61.jpg,en
p4_2_62.jpg,los
p4_2_63.jpg,brindis
p4_2_64.jpg,de
p4_2_65.jpg,los
p4_2_66.jpg,"combites,"
p4_2_67.jpg,y
p4_2_68.jpg,de
p4_2_69.jpg,no
p4_2_70.jpg,jugar
p4_2_71.jpg,"limpio,"
p4_2_72.jpg,ni
p4_2_73.jpg,tratar
p4_2_74.jpg,verdad;
p4_2_75.jpg,y
p4_2_76.jpg,gala
p4_2_77.jpg,de
p4_2_78.jpg,vivir
p4_2_79.jpg,mu
p4_2_80.jpg,chos
p4_2_81.jpg,años
p4_2_82.jpg,en
p4_2_83.jpg,mal
p4_2_84.jpg,estado
p4_2_85.jpg,(descuydo
p4_2_86.jpg,digno
p4_2_87.jpg,de
p4_2_88.jpg,ser
p4_2_89.jpg,llorado
p4_2_90.jpg,en
p4_2_91.jpg,España)
p4_2_92.jpg,por
p4_2_93.jpg,la
p4_2_94.jpg,educación
p4_2_95.jpg,de
p4_2_96.jpg,sus
p4_2_97.jpg,"Nobles,"
p4_2_98.jpg,y
p4_2_99.jpg,el
p4_2_100.jpg,re
p4_2_101.jpg,presentarle
p4_2_102.jpg,yo
p4_2_103.jpg,en
p4_2_104.jpg,estas
p4_2_105.jpg,lastimosas
p4_2_106.jpg,"verdades,"
p4_2_107.jpg,es
p4_2_108.jpg,como
p4_2_109.jpg,pintaros
p4_2_110.jpg,aquí
p4_2_111.jpg,la
p4_2_112.jpg,fealdad
p4_2_113.jpg,de
p4_2_114.jpg,los
p4_2_115.jpg,"vicios,"
p4_2_116.jpg,para
p4_2_117.jpg,que
p4_2_118.jpg,con
p4_2_119.jpg,horror
p4_2_120.jpg,della
p4_2_121.jpg,les
p4_2_122.jpg,cobreys
p4_2_123.jpg,el
p4_2_124.jpg,aborre
p4_2_125.jpg,cimiento
p4_2_126.jpg,que
p4_2_127.jpg,"desseo,"
p4_2_128.jpg,creyendo
p4_2_129.jpg,jun-
p4_2_130.jpg,"tamente,"
p4_2_131.jpg,que
p4_2_132.jpg,la
p4_2_133.jpg,vida
p4_2_134.jpg,del
p4_2_135.jpg,Señor
p4_2_136.jpg,gra-
p4_2_137.jpg,nde
p4_2_138.jpg,(no
p4_2_139.jpg,contentandose
p4_2_140.jpg,con
p4_2_141.jpg,huyr
p4_2_142.jpg,de
p4_2_143.jpg,llos)
p4_2_144.jpg,ha
p4_2_145.jpg,de
p4_2_146.jpg,ser
p4_2_147.jpg,un
p4_2_148.jpg,continuo
p4_2_149.jpg,exerci-
p4_2_150.jpg,cio
p4_2_151.jpg,de
p4_2_152.jpg,"virtudes,"
p4_2_153.jpg,porque
p4_2_154.jpg,la
p4_2_155.jpg,magna-
p5_1_0.jpg,nima
p5_1_1.jpg,"fortaleza,"
p5_1_2.jpg,que
p5_1_3.jpg,es
p5_1_4.jpg,la
p5_1_5.jpg,"propia,"
p5_1_6.jpg,y
p5_1_7.jpg,connatural
p5_1_8.jpg,de
p5_1_9.jpg,los
p5_1_10.jpg,"Ilustres,"
p5_1_11.jpg,procede
p5_1_12.jpg,de
p5_1_13.jpg,corazon
p5_1_14.jpg,"grande,"
p5_1_15.jpg,y
p5_1_16.jpg,este
p5_1_17.jpg,debe
p5_1_18.jpg,des
p5_1_19.jpg,preciar
p5_1_20.jpg,la
p5_1_21.jpg,bxeza
p5_1_22.jpg,"mayor,"
p5_1_23.jpg,que
p5_1_24.jpg,es
p5_1_25.jpg,el
p5_1_26.jpg,abatirse
p5_1_27.jpg,a
p5_1_28.jpg,los
p5_1_29.jpg,vicios:
p5_1_30.jpg,segun
p5_1_31.jpg,Aristo-
p5_1_32.jpg,"teles,"
p5_1_33.jpg,y
p5_1_34.jpg,"Ciceron,"
p5_1_35.jpg,consiste
p5_1_36.jpg,en
p5_1_37.jpg,tres
p5_1_38.jpg,co-
p5_1_39.jpg,"sas,"
p5_1_40.jpg,desestimar
p5_1_41.jpg,todas
p5_1_42.jpg,las
p5_1_43.jpg,"exteriores,"
p5_1_44.jpg,sufrir
p5_1_45.jpg,mucho
p5_1_46.jpg,por
p5_1_47.jpg,la
p5_1_48.jpg,"Virtud,"
p5_1_49.jpg,y
p5_1_50.jpg,por
p5_1_51.jpg,ella
p5_1_52.jpg,acometer
p5_1_53.jpg,arduas
p5_1_54.jpg,y
p5_1_55.jpg,grandes
p5_1_56.jpg,em-
p5_1_57.jpg,presas
p5_1_58.jpg,en
p5_1_59.jpg,beneficio
p5_1_60.jpg,comun:
p5_1_61.jpg,y
p5_1_62.jpg,la
p5_1_63.jpg,for-
p5_1_64.jpg,taleza
p5_1_65.jpg,"Christiana,"
p5_1_66.jpg,es
p5_1_67.jpg,"sufrir,"
p5_1_68.jpg,y
p5_1_69.jpg,hazer
p5_1_70.jpg,mucho
p5_1_71.jpg,por
p5_1_72.jpg,"Dios,"
p5_1_73.jpg,y
p5_1_74.jpg,su
p5_1_75.jpg,"gloria,"
p5_1_76.jpg,y
p5_1_77.jpg,bien
p5_1_78.jpg,de
p5_1_79.jpg,"todos,"
p5_1_80.jpg,venciendose
p5_1_81.jpg,uno
p5_1_82.jpg,a
p5_1_83.jpg,si
p5_1_84.jpg,mis-
p5_1_85.jpg,"mo,"
p5_1_86.jpg,triunfo
p5_1_87.jpg,a
p5_1_88.jpg,que
p5_1_89.jpg,esta
p5_1_90.jpg,vinculada
p5_1_91.jpg,la
p5_1_92.jpg,verdadera
p5_1_93.jpg,grandeza.
p5_1_94.jpg,Considerad
p5_1_95.jpg,"pues,"
p5_1_96.jpg,que
p5_1_97.jpg,la
p5_1_98.jpg,"honra,"
p5_1_99.jpg,y
p5_1_100.jpg,hazienda
p5_1_101.jpg,os
p5_1_102.jpg,la
p5_1_103.jpg,dio
p5_1_104.jpg,Dios
p5_1_105.jpg,para
p5_1_106.jpg,"repartirla,"
p5_1_107.jpg,y
p5_1_108.jpg,que
p5_1_109.jpg,aveys
p5_1_110.jpg,nacido
p5_1_111.jpg,tanto
p5_1_112.jpg,para
p5_1_113.jpg,los
p5_1_114.jpg,"demas,"
p5_1_115.jpg,como
p5_1_116.jpg,para
p5_1_117.jpg,vos
p5_1_118.jpg,mismo:
p5_1_119.jpg,assi
p5_1_120.jpg,lo
p5_1_121.jpg,dixo
p5_1_122.jpg,Ciceron
p5_1_123.jpg,del
p5_1_124.jpg,"Noble,"
p5_1_125.jpg,y
p5_1_126.jpg,"creed,"
p5_1_127.jpg,que
p5_1_128.jpg,son
p5_1_129.jpg,talentos
p5_1_130.jpg,de
p5_1_131.jpg,que
p5_1_132.jpg,les
p5_1_133.jpg,aveys
p5_1_134.jpg,de
p5_1_135.jpg,dar
p5_1_136.jpg,cuenta
p5_1_137.jpg,muy
p5_1_138.jpg,"estrecha,"
p5_1_139.jpg,y
p5_1_140.jpg,carga
p5_1_141.jpg,con
p5_1_142.jpg,que
p5_1_143.jpg,os
p5_1_144.jpg,ha
p5_1_145.jpg,obligado
p5_1_146.jpg,a
p5_1_147.jpg,ser
p5_1_148.jpg,defensor
p5_1_149.jpg,de
p5_1_150.jpg,su
p5_1_151.jpg,Fe
p5_1_152.jpg,y
p5_1_153.jpg,"Religion,"
p5_1_154.jpg,accerrimo
p5_1_155.jpg,per-
p5_2_0.jpg,seguidor
p5_2_1.jpg,de
p5_2_2.jpg,los
p5_2_3.jpg,vicios
p5_2_4.jpg,en
p5_2_5.jpg,"vos,"
p5_2_6.jpg,y
p5_2_7.jpg,en
p5_2_8.jpg,quantos
p5_2_9.jpg,corrieren
p5_2_10.jpg,por
p5_2_11.jpg,vuestra
p5_2_12.jpg,cuen
p5_2_13.jpg,"ta,"
p5_2_14.jpg,y
p5_2_15.jpg,exemplo
p5_2_16.jpg,de
p5_2_17.jpg,virtud
p5_2_18.jpg,a
p5_2_19.jpg,"todos,"
p5_2_20.jpg,que
p5_2_21.jpg,según
p5_2_22.jpg,el
p5_2_23.jpg,que
p5_2_24.jpg,nos
p5_2_25.jpg,dieron
p5_2_26.jpg,los
p5_2_27.jpg,Ro
p5_2_28.jpg,manos
p5_2_29.jpg,en
p5_2_30.jpg,aquellos
p5_2_31.jpg,dos
p5_2_32.jpg,"templos,"
p5_2_33.jpg,pa-
p5_2_34.jpg,ra
p5_2_35.jpg,entrar
p5_2_36.jpg,en
p5_2_37.jpg,el
p5_2_38.jpg,de
p5_2_39.jpg,la
p5_2_40.jpg,"honra,"
p5_2_41.jpg,se
p5_2_42.jpg,ha
p5_2_43.jpg,de
p5_2_44.jpg,passar
p5_2_45.jpg,primero
p5_2_46.jpg,por
p5_2_47.jpg,el
p5_2_48.jpg,de
p5_2_49.jpg,la
p5_2_50.jpg,"virtud,"
p5_2_51.jpg,y
p5_2_52.jpg,no
p5_2_53.jpg,os
p5_2_54.jpg,parezca
p5_2_55.jpg,que
p5_2_56.jpg,es
p5_2_57.jpg,mudaros
p5_2_58.jpg,de
p5_2_59.jpg,profession
p5_2_60.jpg,obligaros
p5_2_61.jpg,a
p5_2_62.jpg,"esto,"
p5_2_63.jpg,y
p5_2_64.jpg,daros
p5_2_65.jpg,la
p5_2_66.jpg,de
p5_2_67.jpg,"Religioso,"
p5_2_68.jpg,que
p5_2_69.jpg,seria
p5_2_70.jpg,hazer
p5_2_71.jpg,agravio
p5_2_72.jpg,a
p5_2_73.jpg,la
p5_2_74.jpg,"Nobleza,"
p5_2_75.jpg,donde
p5_2_76.jpg,se
p5_2_77.jpg,ha
p5_2_78.jpg,de
p5_2_79.jpg,hallar
p5_2_80.jpg,lo
p5_2_81.jpg,mejor
p5_2_82.jpg,de
p5_2_83.jpg,cada
p5_2_84.jpg,estado:
p5_2_85.jpg,de
p5_2_86.jpg,los
p5_2_87.jpg,"Prelados,"
p5_2_88.jpg,el
p5_2_89.jpg,ser
p5_2_90.jpg,limosneros:
p5_2_91.jpg,de
p5_2_92.jpg,los
p5_2_93.jpg,"Religiosos,"
p5_2_94.jpg,el
p5_2_95.jpg,zelo
p5_2_96.jpg,y
p5_2_97.jpg,devo-
p5_2_98.jpg,cion:
p5_2_99.jpg,de
p5_2_100.jpg,buenos
p5_2_101.jpg,"Reyes,"
p5_2_102.jpg,el
p5_2_103.jpg,exerci-
p5_2_104.jpg,cio
p5_2_105.jpg,de
p5_2_106.jpg,la
p5_2_107.jpg,justicia:
p5_2_108.jpg,de
p5_2_109.jpg,los
p5_2_110.jpg,"Soldados,"
p5_2_111.jpg,el
p5_2_112.jpg,valor
p5_2_113.jpg,y
p5_2_114.jpg,alentado
p5_2_115.jpg,corazon:
p5_2_116.jpg,de
p5_2_117.jpg,los
p5_2_118.jpg,Pa-
p5_2_119.jpg,dres
p5_2_120.jpg,de
p5_2_121.jpg,"Familias,"
p5_2_122.jpg,la
p5_2_123.jpg,piedad
p5_2_124.jpg,y
p5_2_125.jpg,amor
p5_2_126.jpg,para
p5_2_127.jpg,con
p5_2_128.jpg,sus
p5_2_129.jpg,subditos:
p5_2_130.jpg,y
p5_2_131.jpg,aun
p5_2_132.jpg,de
p5_2_133.jpg,los
p5_2_134.jpg,"Artifices,"
p5_2_135.jpg,el
p5_2_136.jpg,huyr
p5_2_137.jpg,la
p5_2_138.jpg,"ociosidad,"
p5_2_139.jpg,rin-
p5_2_140.jpg,diendose
p5_2_141.jpg,al
p5_2_142.jpg,incansable
p5_2_143.jpg,"trabajo,"
p5_2_144.jpg,que
p5_2_145.jpg,es
p5_2_146.jpg,obligacion
p5_2_147.jpg,poner
p5_2_148.jpg,en
p5_2_149.jpg,el
p5_2_150.jpg,beneficio
p5_2_151.jpg,y
p5_2_152.jpg,buen
p5_2_153.jpg,gobierno
p5_2_154.jpg,de
p5_2_155.jpg,los
p5_2_156.jpg,"vassallos,"
p5_2_157.jpg,el
p5_2_158.jpg,qual
p5_2_159.jpg,pagan
p5_2_160.jpg,con
p5_2_161.jpg,las
p5_2_162.jpg,"rentas,"
p5_2_163.jpg,y
p5_2_164.jpg,sin
p5_2_165.jpg,esse
p6_1_0.jpg,desuelo
p6_1_1.jpg,no
p6_1_2.jpg,podrian
p6_1_3.jpg,obtenerse
p6_1_4.jpg,jus-
p6_1_5.jpg,tamente.
p6_1_6.jpg,Si
p6_1_7.jpg,soys
p6_1_8.jpg,el
p6_1_9.jpg,que
p6_1_10.jpg,deveys
p6_1_11.jpg,a
p6_1_12.jpg,"Dios,"
p6_1_13.jpg,y
p6_1_14.jpg,a
p6_1_15.jpg,vuestra
p6_1_16.jpg,"sangre,"
p6_1_17.jpg,aveys
p6_1_18.jpg,de
p6_1_19.jpg,exercitar
p6_1_20.jpg,con
p6_1_21.jpg,su
p6_1_22.jpg,divina
p6_1_23.jpg,Magestad
p6_1_24.jpg,las
p6_1_25.jpg,tres
p6_1_26.jpg,Virtudes
p6_1_27.jpg,"Theologales,"
p6_1_28.jpg,y
p6_1_29.jpg,de
p6_1_30.jpg,las
p6_1_31.jpg,"Cardinales,"
p6_1_32.jpg,y
p6_1_33.jpg,Morales
p6_1_34.jpg,la
p6_1_35.jpg,Pruden-
p6_1_36.jpg,cia
p6_1_37.jpg,con
p6_1_38.jpg,"todos,"
p6_1_39.jpg,y
p6_1_40.jpg,en
p6_1_41.jpg,todos
p6_1_42.jpg,tiempos
p6_1_43.jpg,la
p6_1_44.jpg,Iusticia
p6_1_45.jpg,y
p6_1_46.jpg,equidad
p6_1_47.jpg,con
p6_1_48.jpg,vuestros
p6_1_49.jpg,"subditos,"
p6_1_50.jpg,"Fortaleza,"
p6_1_51.jpg,"Templanza,"
p6_1_52.jpg,Continencia
p6_1_53.jpg,en
p6_1_54.jpg,vos
p6_1_55.jpg,"mismo,"
p6_1_56.jpg,Obe-
p6_1_57.jpg,diencia
p6_1_58.jpg,con
p6_1_59.jpg,vuestro
p6_1_60.jpg,"Rey,"
p6_1_61.jpg,y
p6_1_62.jpg,Padre
p6_1_63.jpg,(que
p6_1_64.jpg,la
p6_1_65.jpg,de
p6_1_66.jpg,la
p6_1_67.jpg,Iglesia
p6_1_68.jpg,y
p6_1_69.jpg,Confessor
p6_1_70.jpg,en
p6_1_71.jpg,lo
p6_1_72.jpg,primero
p6_1_73.jpg,se
p6_1_74.jpg,incluye)
p6_1_75.jpg,Piedad
p6_1_76.jpg,con
p6_1_77.jpg,"todos,"
p6_1_78.jpg,y
p6_1_79.jpg,mas
p6_1_80.jpg,con
p6_1_81.jpg,los
p6_1_82.jpg,pobres
p6_1_83.jpg,afligi
p6_1_84.jpg,dos
p6_1_85.jpg,y
p6_1_86.jpg,"enfermos,"
p6_1_87.jpg,"Liberalidad,"
p6_1_88.jpg,Pacien
p6_1_89.jpg,"cia,"
p6_1_90.jpg,y
p6_1_91.jpg,Afabilidad
p6_1_92.jpg,(grave
p6_1_93.jpg,en
p6_1_94.jpg,las
p6_1_95.jpg,oca-
p6_1_96.jpg,siones
p6_1_97.jpg,que
p6_1_98.jpg,la
p6_1_99.jpg,pidieren)
p6_1_100.jpg,con
p6_1_101.jpg,vuestros
p6_1_102.jpg,"familiares,"
p6_1_103.jpg,"amigos,"
p6_1_104.jpg,y
p6_1_105.jpg,hermanos:
p6_1_106.jpg,Re-
p6_1_107.jpg,signacion
p6_1_108.jpg,en
p6_1_109.jpg,los
p6_1_110.jpg,"trabajos,"
p6_1_111.jpg,y
p6_1_112.jpg,en
p6_1_113.jpg,las
p6_1_114.jpg,"prosperidades,"
p6_1_115.jpg,animo
p6_1_116.jpg,agradecido
p6_1_117.jpg,a
p6_1_118.jpg,"Dios,"
p6_1_119.jpg,con
p6_1_120.jpg,desprecio
p6_1_121.jpg,dellas
p6_1_122.jpg,en
p6_1_123.jpg,quan-
p6_1_124.jpg,to
p6_1_125.jpg,no
p6_1_126.jpg,sean
p6_1_127.jpg,importantes
p6_1_128.jpg,para
p6_1_129.jpg,bolver-
p6_1_130.jpg,selas
p6_1_131.jpg,a
p6_1_132.jpg,el.
p6_1_133.jpg,Esto
p6_1_134.jpg,es
p6_1_135.jpg,lo
p6_1_136.jpg,que
p6_1_137.jpg,pretendo
p6_1_138.jpg,aquí
p6_1_139.jpg,"individuaros,"
p6_1_140.jpg,y
p6_1_141.jpg,enseñaros
p6_1_142.jpg,con
p6_2_0.jpg,"amor,"
p6_2_1.jpg,y
p6_2_2.jpg,obligacion
p6_2_3.jpg,de
p6_2_4.jpg,"Madre,"
p6_2_5.jpg,por
p6_2_6.jpg,descuento
p6_2_7.jpg,de
p6_2_8.jpg,las
p6_2_9.jpg,que
p6_2_10.jpg,con
p6_2_11.jpg,el
p6_2_12.jpg,mas
p6_2_13.jpg,propio
p6_2_14.jpg,"suyo,"
p6_2_15.jpg,que
p6_2_16.jpg,de
p6_2_17.jpg,los
p6_2_18.jpg,"hijos,"
p6_2_19.jpg,los
p6_2_20.jpg,crian
p6_2_21.jpg,"afeminados,"
p6_2_22.jpg,y
p6_2_23.jpg,toleran
p6_2_24.jpg,ma
p6_2_25.jpg,las
p6_2_26.jpg,costumbres.
p6_2_27.jpg,Bien
p6_2_28.jpg,"veo,"
p6_2_29.jpg,que
p6_2_30.jpg,sien-
p6_2_31.jpg,do
p6_2_32.jpg,tan
p6_2_33.jpg,varias
p6_2_34.jpg,las
p6_2_35.jpg,condiciones
p6_2_36.jpg,huma-
p6_2_37.jpg,"nas,"
p6_2_38.jpg,es
p6_2_39.jpg,muy
p6_2_40.jpg,dificil
p6_2_41.jpg,el
p6_2_42.jpg,dar
p6_2_43.jpg,"reglas,"
p6_2_44.jpg,y
p6_2_45.jpg,preceptos
p6_2_46.jpg,a
p6_2_47.jpg,"una,"
p6_2_48.jpg,que
p6_2_49.jpg,la
p6_2_50.jpg,ajusten
p6_2_51.jpg,al
p6_2_52.jpg,trato
p6_2_53.jpg,de
p6_2_54.jpg,todas
p6_2_55.jpg,pero
p6_2_56.jpg,estas
p6_2_57.jpg,generales
p6_2_58.jpg,van
p6_2_59.jpg,sugetas
p6_2_60.jpg,al
p6_2_61.jpg,dominio
p6_2_62.jpg,de
p6_2_63.jpg,la
p6_2_64.jpg,prud-
p6_2_65.jpg,"encia,"
p6_2_66.jpg,que
p6_2_67.jpg,se
p6_2_68.jpg,ha
p6_2_69.jpg,de
p6_2_70.jpg,usar
p6_2_71.jpg,en
p6_2_72.jpg,la
p6_2_73.jpg,apli-
p6_2_74.jpg,"cación,"
p6_2_75.jpg,según
p6_2_76.jpg,los
p6_2_77.jpg,"estados,"
p6_2_78.jpg,"tiempos,"
p6_2_79.jpg,"lugares,"
p6_2_80.jpg,y
p6_2_81.jpg,"condiciones,"
p6_2_82.jpg,porque
p6_2_83.jpg,a
p6_2_84.jpg,es-
p6_2_85.jpg,ta
p6_2_86.jpg,"virtud,"
p6_2_87.jpg,q
p6_2_88.jpg,es
p6_2_89.jpg,"guia,"
p6_2_90.jpg,y
p6_2_91.jpg,Maestra
p6_2_92.jpg,de
p6_2_93.jpg,to-
p6_2_94.jpg,"das,"
p6_2_95.jpg,Cicero
p6_2_96.jpg,la
p6_2_97.jpg,llamo
p6_2_98.jpg,justamete
p6_2_99.jpg,Arte
p6_2_100.jpg,de
p6_2_101.jpg,la
p6_2_102.jpg,"vida,"
p6_2_103.jpg,y
p6_2_104.jpg,Aristoteles
p6_2_105.jpg,conocio
p6_2_106.jpg,sin
p6_2_107.jpg,luz
p6_2_108.jpg,de
p6_2_109.jpg,"Fe,"
p6_2_110.jpg,q
p6_2_111.jpg,no
p6_2_112.jpg,la
p6_2_113.jpg,podia
p6_2_114.jpg,tener
p6_2_115.jpg,verda-
p6_2_116.jpg,dera
p6_2_117.jpg,"ninguno,"
p6_2_118.jpg,que
p6_2_119.jpg,no
p6_2_120.jpg,fuesse
p6_2_121.jpg,Vir-
p6_2_122.jpg,"tuoso,"
p6_2_123.jpg,en
p6_2_124.jpg,cuya
p6_2_125.jpg,conformidad
p6_2_126.jpg,dize
p6_2_127.jpg,San
p6_2_128.jpg,"Basilio,"
p6_2_129.jpg,que
p6_2_130.jpg,ay
p6_2_131.jpg,dos
p6_2_132.jpg,"prudencias,"
p6_2_133.jpg,una
p6_2_134.jpg,"Christiana,"
p6_2_135.jpg,y
p6_2_136.jpg,otra
p6_2_137.jpg,"Gentilica,"
p6_2_138.jpg,que
p6_2_139.jpg,es
p6_2_140.jpg,la
p6_2_141.jpg,"fagacidad,"
p6_2_142.jpg,siempre
p6_2_143.jpg,encamina-
p6_2_144.jpg,da
p6_2_145.jpg,a
p6_2_146.jpg,"engañar,"
p6_2_147.jpg,y
p6_2_148.jpg,a
p6_2_149.jpg,la
p6_2_150.jpg,particular
p6_2_151.jpg,con-
p6_2_152.jpg,veniencia
p6_2_153.jpg,de
p6_2_154.jpg,la
p6_2_155.jpg,primera
p6_2_156.jpg,os
p6_2_157.jpg,"preciad,"
p7_1_0.jpg,y
p7_1_1.jpg,usad
p7_1_2.jpg,en
p7_1_3.jpg,todas
p7_1_4.jpg,vuestras
p7_1_5.jpg,acciones
p7_1_6.jpg,con
p7_1_7.jpg,sencillez
p7_1_8.jpg,"recatada,"
p7_1_9.jpg,para
p7_1_10.jpg,conocer
p7_1_11.jpg,las
p7_1_12.jpg,maquinas
p7_1_13.jpg,de
p7_1_14.jpg,los
p7_1_15.jpg,"maliciosos,"
p7_1_16.jpg,y
p7_1_17.jpg,no
p7_1_18.jpg,ser
p7_1_19.jpg,engañado
p7_1_20.jpg,dellos.
p7_1_21.jpg,Espero
p7_1_22.jpg,pues
p7_1_23.jpg,que
p7_1_24.jpg,llegareys
p7_1_25.jpg,con
p7_1_26.jpg,el
p7_1_27.jpg,exercicio
p7_1_28.jpg,des-
p7_1_29.jpg,tos
p7_1_30.jpg,"consejos,"
p7_1_31.jpg,a
p7_1_32.jpg,ser
p7_1_33.jpg,un
p7_1_34.jpg,exemplar
p7_1_35.jpg,de
p7_1_36.jpg,buenos
p7_1_37.jpg,"Cavalleros,"
p7_1_38.jpg,y
p7_1_39.jpg,grandes
p7_1_40.jpg,Seño-
p7_1_41.jpg,"res,"
p7_1_42.jpg,imitando
p7_1_43.jpg,la
p7_1_44.jpg,Religion
p7_1_45.jpg,del
p7_1_46.jpg,Em-
p7_1_47.jpg,perador
p7_1_48.jpg,"Constantino,"
p7_1_49.jpg,el
p7_1_50.jpg,valor
p7_1_51.jpg,de
p7_1_52.jpg,Carlo
p7_1_53.jpg,"Magno,"
p7_1_54.jpg,el
p7_1_55.jpg,menosprecio
p7_1_56.jpg,del
p7_1_57.jpg,mundo
p7_1_58.jpg,y
p7_1_59.jpg,sus
p7_1_60.jpg,grandezas
p7_1_61.jpg,de
p7_1_62.jpg,Carlos
p7_1_63.jpg,"Quinto,"
p7_1_64.jpg,la
p7_1_65.jpg,clemencia
p7_1_66.jpg,del
p7_1_67.jpg,Santo
p7_1_68.jpg,Rey
p7_1_69.jpg,"Luys,"
p7_1_70.jpg,la
p7_1_71.jpg,templanza
p7_1_72.jpg,de
p7_1_73.jpg,"Theodosio,"
p7_1_74.jpg,constancia
p7_1_75.jpg,del
p7_1_76.jpg,Rey
p7_1_77.jpg,Ingles
p7_1_78.jpg,"Artus,"
p7_1_79.jpg,justicia
p7_1_80.jpg,y
p7_1_81.jpg,verdad
p7_1_82.jpg,de
p7_1_83.jpg,Gofredo
p7_1_84.jpg,de
p7_1_85.jpg,"Bullon,"
p7_1_86.jpg,prudencia
p7_1_87.jpg,del
p7_1_88.jpg,Rey
p7_1_89.jpg,Fernan-
p7_1_90.jpg,do
p7_1_91.jpg,de
p7_1_92.jpg,"Castilla,"
p7_1_93.jpg,llamado
p7_1_94.jpg,el
p7_1_95.jpg,"Santo,"
p7_1_96.jpg,li-
p7_1_97.jpg,beralidad
p7_1_98.jpg,de
p7_1_99.jpg,Don
p7_1_100.jpg,Alonso
p7_1_101.jpg,el
p7_1_102.jpg,"Sexto,"
p7_1_103.jpg,"estudiosidad,"
p7_1_104.jpg,y
p7_1_105.jpg,sabiduria
p7_1_106.jpg,del
p7_1_107.jpg,otro
p7_1_108.jpg,Don
p7_1_109.jpg,Alonso
p7_1_110.jpg,tan
p7_1_111.jpg,conocido
p7_1_112.jpg,por
p7_1_113.jpg,"ella,"
p7_1_114.jpg,que
p7_1_115.jpg,teniendo
p7_1_116.jpg,estos
p7_1_117.jpg,Principes
p7_1_118.jpg,el
p7_1_119.jpg,va-
p7_1_120.jpg,lor
p7_1_121.jpg,y
p7_1_122.jpg,virtud
p7_1_123.jpg,natural
p7_1_124.jpg,del
p7_1_125.jpg,animo
p7_1_126.jpg,illus-
p7_1_127.jpg,trado
p7_1_128.jpg,con
p7_1_129.jpg,el
p7_1_130.jpg,realce
p7_1_131.jpg,de
p7_1_132.jpg,nuestra
p7_1_133.jpg,Santa
p7_1_134.jpg,"Fe,"
p7_1_135.jpg,no
p7_1_136.jpg,necessitamos
p7_1_137.jpg,de
p7_1_138.jpg,valernos
p7_1_139.jpg,de
p7_2_0.jpg,"Numa,"
p7_2_1.jpg,"Anibal,"
p7_2_2.jpg,"Socrates,"
p7_2_3.jpg,"Cesar,"
p7_2_4.jpg,Sci-
p7_2_5.jpg,"pion,"
p7_2_6.jpg,"Caton,"
p7_2_7.jpg,"Trajano,"
p7_2_8.jpg,"Platon,"
p7_2_9.jpg,Ale-
p7_2_10.jpg,"xandro,"
p7_2_11.jpg,Marco
p7_2_12.jpg,"Aurelio,"
p7_2_13.jpg,a
p7_2_14.jpg,quien
p7_2_15.jpg,se
p7_2_16.jpg,atribuyen
p7_2_17.jpg,las
p7_2_18.jpg,mismas
p7_2_19.jpg,"virtudes,"
p7_2_20.jpg,por-
p7_2_21.jpg,que
p7_2_22.jpg,faltandoles
p7_2_23.jpg,la
p7_2_24.jpg,excelencia
p7_2_25.jpg,mayor
p7_2_26.jpg,de
p7_2_27.jpg,la
p7_2_28.jpg,verdadera
p7_2_29.jpg,"Religion,"
p7_2_30.jpg,no
p7_2_31.jpg,pu-
p7_2_32.jpg,dieron
p7_2_33.jpg,ser
p7_2_34.jpg,en
p7_2_35.jpg,ellos
p7_2_36.jpg,perfectas:
p7_2_37.jpg,y
p7_2_38.jpg,si
p7_2_39.jpg,a
p7_2_40.jpg,todos
p7_2_41.jpg,no
p7_2_42.jpg,quadraredes
p7_2_43.jpg,(que
p7_2_44.jpg,es
p7_2_45.jpg,casi
p7_2_46.jpg,imposible)
p7_2_47.jpg,contentaos
p7_2_48.jpg,con
p7_2_49.jpg,el
p7_2_50.jpg,agra-
p7_2_51.jpg,do
p7_2_52.jpg,de
p7_2_53.jpg,los
p7_2_54.jpg,que
p7_2_55.jpg,bien
p7_2_56.jpg,"sienten,"
p7_2_57.jpg,pues
p7_2_58.jpg,aunque
p7_2_59.jpg,son
p7_2_60.jpg,los
p7_2_61.jpg,"menos,"
p7_2_62.jpg,es
p7_2_63.jpg,la
p7_2_64.jpg,mejor
p7_2_65.jpg,"parte,"
p7_2_66.jpg,y
p7_2_67.jpg,principalmente
p7_2_68.jpg,con
p7_2_69.jpg,hazer
p7_2_70.jpg,lo
p7_2_71.jpg,que
p7_2_72.jpg,deveys.
p7_2_73.jpg,Para
p7_2_74.jpg,con
p7_2_75.jpg,"Dios,"
p7_2_76.jpg,y
p7_2_77.jpg,todo
p7_2_78.jpg,lo
p7_2_79.jpg,to-
p7_2_80.jpg,cante
p7_2_81.jpg,a
p7_2_82.jpg,Religion
p7_2_83.jpg,UES
p7_2_84.jpg,el
p7_2_85.jpg,"mejor,"
p7_2_86.jpg,y
p7_2_87.jpg,cierto
p7_2_88.jpg,principio
p7_2_89.jpg,de
p7_2_90.jpg,las
p7_2_91.jpg,cosas
p7_2_92.jpg,es
p7_2_93.jpg,Dios
p7_2_94.jpg,"guia,"
p7_2_95.jpg,y
p7_2_96.jpg,fundamen
p7_2_97.jpg,to
p7_2_98.jpg,de
p7_2_99.jpg,toda
p7_2_100.jpg,Virtud
p7_2_101.jpg,(y
p7_2_102.jpg,conocieron
p7_2_103.jpg,esto
p7_2_104.jpg,aun
p7_2_105.jpg,los
p7_2_106.jpg,"Gentiles,"
p7_2_107.jpg,que
p7_2_108.jpg,Tito
p7_2_109.jpg,Livio
p8_1_0.jpg,nos
p8_1_1.jpg,dexo
p8_1_2.jpg,escrito:
p8_1_3.jpg,al
p8_1_4.jpg,que
p8_1_5.jpg,sirve
p8_1_6.jpg,a
p8_1_7.jpg,Dios
p8_1_8.jpg,todo
p8_1_9.jpg,le
p8_1_10.jpg,sucede
p8_1_11.jpg,bien
p8_1_12.jpg,con
p8_1_13.jpg,este
p8_1_14.jpg,prin
p8_1_15.jpg,"cipio,"
p8_1_16.jpg,y
p8_1_17.jpg,assi
p8_1_18.jpg,lo
p8_1_19.jpg,sintieron
p8_1_20.jpg,"Platon,"
p8_1_21.jpg,Ci-
p8_1_22.jpg,"ceron,"
p8_1_23.jpg,"Socrates,"
p8_1_24.jpg,y
p8_1_25.jpg,Aristoteles)
p8_1_26.jpg,Digo
p8_1_27.jpg,lo
p8_1_28.jpg,"primero,"
p8_1_29.jpg,que
p8_1_30.jpg,el
p8_1_31.jpg,titulo
p8_1_32.jpg,principal
p8_1_33.jpg,de
p8_1_34.jpg,que
p8_1_35.jpg,os
p8_1_36.jpg,aveys
p8_1_37.jpg,de
p8_1_38.jpg,"preciar,"
p8_1_39.jpg,ha
p8_1_40.jpg,de
p8_1_41.jpg,ser
p8_1_42.jpg,el
p8_1_43.jpg,de
p8_1_44.jpg,"Christiano,"
p8_1_45.jpg,teniendo
p8_1_46.jpg,por
p8_1_47.jpg,asentado
p8_1_48.jpg,el
p8_1_49.jpg,faltar
p8_1_50.jpg,a
p8_1_51.jpg,"todos,"
p8_1_52.jpg,para
p8_1_53.jpg,con-
p8_1_54.jpg,servaros
p8_1_55.jpg,en
p8_1_56.jpg,merecer
p8_1_57.jpg,"este,"
p8_1_58.jpg,que
p8_1_59.jpg,reci-
p8_1_60.jpg,bistes
p8_1_61.jpg,de
p8_1_62.jpg,Dios
p8_1_63.jpg,tan
p8_1_64.jpg,de
p8_1_65.jpg,"valde,"
p8_1_66.jpg,y
p8_1_67.jpg,de
p8_1_68.jpg,que
p8_1_69.jpg,siempre
p8_1_70.jpg,os
p8_1_71.jpg,aveys
p8_1_72.jpg,de
p8_1_73.jpg,reconocer
p8_1_74.jpg,in-
p8_1_75.jpg,digno.
p8_1_76.jpg,En
p8_1_77.jpg,las
p8_1_78.jpg,cosas
p8_1_79.jpg,tocantes
p8_1_80.jpg,a
p8_1_81.jpg,la
p8_1_82.jpg,autori-
p8_1_83.jpg,dad
p8_1_84.jpg,del
p8_1_85.jpg,Sumo
p8_1_86.jpg,"Pontifice,"
p8_1_87.jpg,e
p8_1_88.jpg,Inquisi-
p8_1_89.jpg,"cion,"
p8_1_90.jpg,asistid
p8_1_91.jpg,con
p8_1_92.jpg,particular
p8_1_93.jpg,gusto
p8_1_94.jpg,y
p8_1_95.jpg,desuelo
p8_1_96.jpg,siempre
p8_1_97.jpg,que
p8_1_98.jpg,seays
p8_1_99.jpg,menes-
p8_1_100.jpg,"ter,"
p8_1_101.jpg,y
p8_1_102.jpg,hablad
p8_1_103.jpg,de
p8_1_104.jpg,lo
p8_1_105.jpg,"uno,"
p8_1_106.jpg,y
p8_1_107.jpg,lo
p8_1_108.jpg,otro
p8_1_109.jpg,con
p8_1_110.jpg,gran
p8_1_111.jpg,"veneracion,"
p8_1_112.jpg,sintiendo
p8_1_113.jpg,con
p8_1_114.jpg,igual
p8_1_115.jpg,piedad.
p8_1_116.jpg,A
p8_1_117.jpg,las
p8_1_118.jpg,censuras
p8_1_119.jpg,de
p8_1_120.jpg,la
p8_1_121.jpg,Iglesia
p8_1_122.jpg,tened
p8_1_123.jpg,mucho
p8_1_124.jpg,"respeto,"
p8_1_125.jpg,y
p8_1_126.jpg,por
p8_1_127.jpg,todos
p8_1_128.jpg,los
p8_1_129.jpg,in-
p8_1_130.jpg,tereses
p8_1_131.jpg,del
p8_1_132.jpg,mundo
p8_1_133.jpg,ni
p8_1_134.jpg,un
p8_1_135.jpg,instante
p8_1_136.jpg,os
p8_1_137.jpg,descuydeys
p8_1_138.jpg,en
p8_1_139.jpg,incurrir
p8_1_140.jpg,en
p8_1_141.jpg,"ellas,"
p8_1_142.jpg,ni
p8_1_143.jpg,lo
p8_1_144.jpg,consintays
p8_1_145.jpg,a
p8_1_146.jpg,vuestros
p8_1_147.jpg,ministros
p8_1_148.jpg,y
p8_2_0.jpg,"vasallos,"
p8_2_1.jpg,como
p8_2_2.jpg,tampoco
p8_2_3.jpg,ser
p8_2_4.jpg,por
p8_2_5.jpg,cau-
p8_2_6.jpg,sa
p8_2_7.jpg,vuestra
p8_2_8.jpg,nadie
p8_2_9.jpg,descomulgado.
p8_2_10.jpg,Hablad
p8_2_11.jpg,muy
p8_2_12.jpg,bien
p8_2_13.jpg,siempre
p8_2_14.jpg,de
p8_2_15.jpg,to-
p8_2_16.jpg,das
p8_2_17.jpg,las
p8_2_18.jpg,"Religiones,"
p8_2_19.jpg,y
p8_2_20.jpg,favorecedlas
p8_2_21.jpg,quanto
p8_2_22.jpg,os
p8_2_23.jpg,sea
p8_2_24.jpg,"possible,"
p8_2_25.jpg,y
p8_2_26.jpg,aun
p8_2_27.jpg,a
p8_2_28.jpg,qual-
p8_2_29.jpg,quiera
p8_2_30.jpg,Religioso
p8_2_31.jpg,y
p8_2_32.jpg,Sacerdote
p8_2_33.jpg,(que
p8_2_34.jpg,es
p8_2_35.jpg,la
p8_2_36.jpg,mayor
p8_2_37.jpg,"dignidad,"
p8_2_38.jpg,pues
p8_2_39.jpg,según
p8_2_40.jpg,San
p8_2_41.jpg,Leon
p8_2_42.jpg,excede
p8_2_43.jpg,a
p8_2_44.jpg,la
p8_2_45.jpg,Real)
p8_2_46.jpg,venerad
p8_2_47.jpg,y
p8_2_48.jpg,respetad
p8_2_49.jpg,en
p8_2_50.jpg,toda
p8_2_51.jpg,"ocasión,"
p8_2_52.jpg,tenien-
p8_2_53.jpg,do
p8_2_54.jpg,por
p8_2_55.jpg,buena
p8_2_56.jpg,suerte
p8_2_57.jpg,el
p8_2_58.jpg,ofrecerseos
p8_2_59.jpg,alguna
p8_2_60.jpg,de
p8_2_61.jpg,mostrarles
p8_2_62.jpg,"rendimiento,"
p8_2_63.jpg,y
p8_2_64.jpg,no
p8_2_65.jpg,lo
p8_2_66.jpg,rehuseys
p8_2_67.jpg,en
p8_2_68.jpg,publico
p8_2_69.jpg,(por
p8_2_70.jpg,lo
p8_2_71.jpg,que
p8_2_72.jpg,deveys
p8_2_73.jpg,al
p8_2_74.jpg,buen
p8_2_75.jpg,exemplo)
p8_2_76.jpg,no
p8_2_77.jpg,consintays
p8_2_78.jpg,jamas
p8_2_79.jpg,que
p8_2_80.jpg,dellos
p8_2_81.jpg,se
p8_2_82.jpg,ha-
p8_2_83.jpg,ble
p8_2_84.jpg,con
p8_2_85.jpg,"nota,"
p8_2_86.jpg,ni
p8_2_87.jpg,indecencia
p8_2_88.jpg,delan-
p8_2_89.jpg,te
p8_2_90.jpg,de
p8_2_91.jpg,"vos,"
p8_2_92.jpg,aunque
p8_2_93.jpg,sea
p8_2_94.jpg,en
p8_2_95.jpg,materia
p8_2_96.jpg,leve
p8_2_97.jpg,y
p8_2_98.jpg,no
p8_2_99.jpg,os
p8_2_100.jpg,contenteys
p8_2_101.jpg,con
p8_2_102.jpg,"esto,"
p8_2_103.jpg,mas
p8_2_104.jpg,estad
p8_2_105.jpg,tan
p8_2_106.jpg,lexos
p8_2_107.jpg,de
p8_2_108.jpg,recibir
p8_2_109.jpg,es-
p8_2_110.jpg,candalo
p8_2_111.jpg,por
p8_2_112.jpg,falta
p8_2_113.jpg,(aunque
p8_2_114.jpg,sea
p8_2_115.jpg,muy
p8_2_116.jpg,publica)
p8_2_117.jpg,de
p8_2_118.jpg,cualquier
p8_2_119.jpg,"Eclesiastico,"
p8_2_120.jpg,o
p8_2_121.jpg,Religioso;
p8_2_122.jpg,y
p8_2_123.jpg,hazed
p8_2_124.jpg,tanta
p8_2_125.jpg,estima
p8_2_126.jpg,de
p8_2_127.jpg,las
p8_2_128.jpg,"Religiones,"
p8_2_129.jpg,que
p8_2_130.jpg,si
p8_2_131.jpg,de
p8_2_132.jpg,alguna
p8_2_133.jpg,de
p8_2_134.jpg,las
p8_2_135.jpg,aprobadas
p8_2_136.jpg,por
p8_2_137.jpg,la
p8_2_138.jpg,Iglesia
p8_2_139.jpg,fues
p8_2_140.jpg,se
p8_2_141.jpg,possible
p8_2_142.jpg,ver
p8_2_143.jpg,apostatar
p8_2_144.jpg,a
p8_2_145.jpg,todos
p8_2_146.jpg,los
p9_1_0.jpg,De
p9_1_1.jpg,"ella,"
p9_1_2.jpg,quedando
p9_1_3.jpg,solo
p9_1_4.jpg,uno
p9_1_5.jpg,que
p9_1_6.jpg,la
p9_1_7.jpg,"observase,"
p9_1_8.jpg,en
p9_1_9.jpg,el
p9_1_10.jpg,"venereys,"
p9_1_11.jpg,y
p9_1_12.jpg,estimeys
p9_1_13.jpg,su
p9_1_14.jpg,Religion
p9_1_15.jpg,con
p9_1_16.jpg,la
p9_1_17.jpg,"fineza,"
p9_1_18.jpg,que
p9_1_19.jpg,vien-
p9_1_20.jpg,dola
p9_1_21.jpg,muy
p9_1_22.jpg,poblada
p9_1_23.jpg,de
p9_1_24.jpg,Santos:
p9_1_25.jpg,y
p9_1_26.jpg,tan
p9_1_27.jpg,capaz
p9_1_28.jpg,ha
p9_1_29.jpg,de
p9_1_30.jpg,ser
p9_1_31.jpg,vuestro
p9_1_32.jpg,corazon
p9_1_33.jpg,que
p9_1_34.jpg,quepa
p9_1_35.jpg,en
p9_1_36.jpg,"el,"
p9_1_37.jpg,el
p9_1_38.jpg,amor
p9_1_39.jpg,de
p9_1_40.jpg,todas
p9_1_41.jpg,las
p9_1_42.jpg,"Religiones,"
p9_1_43.jpg,assi
p9_1_44.jpg,de
p9_1_45.jpg,las
p9_1_46.jpg,que
p9_1_47.jpg,comuni-
p9_1_48.jpg,"cays,"
p9_1_49.jpg,como
p9_1_50.jpg,de
p9_1_51.jpg,las
p9_1_52.jpg,que
p9_1_53.jpg,nunca
p9_1_54.jpg,aveys
p9_1_55.jpg,"visto,"
p9_1_56.jpg,que
p9_1_57.jpg,esse
p9_1_58.jpg,sera
p9_1_59.jpg,el
p9_1_60.jpg,mas
p9_1_61.jpg,desinte-
p9_1_62.jpg,"ressado,"
p9_1_63.jpg,fundandole
p9_1_64.jpg,solo
p9_1_65.jpg,en
p9_1_66.jpg,ser
p9_1_67.jpg,co-
p9_1_68.jpg,lumnas
p9_1_69.jpg,de
p9_1_70.jpg,la
p9_1_71.jpg,Iglesia.
p9_1_72.jpg,No
p9_1_73.jpg,tendreys
p9_1_74.jpg,por
p9_1_75.jpg,ningun
p9_1_76.jpg,caso
p9_1_77.jpg,puntos
p9_1_78.jpg,de
p9_1_79.jpg,cortesias
p9_1_80.jpg,con
p9_1_81.jpg,los
p9_1_82.jpg,Obispos
p9_1_83.jpg,y
p9_1_84.jpg,"Prelados,"
p9_1_85.jpg,tomad
p9_1_86.jpg,dellos
p9_1_87.jpg,con
p9_1_88.jpg,esti-
p9_1_89.jpg,macion
p9_1_90.jpg,"cualquiera,"
p9_1_91.jpg,y
p9_1_92.jpg,dadles
p9_1_93.jpg,la
p9_1_94.jpg,qu
p9_1_95.jpg,"quisieren,"
p9_1_96.jpg,teniendo
p9_1_97.jpg,os
p9_1_98.jpg,por
p9_1_99.jpg,inferior
p9_1_100.jpg,del
p9_1_101.jpg,que
p9_1_102.jpg,mas
p9_1_103.jpg,lo
p9_1_104.jpg,es
p9_1_105.jpg,entre
p9_1_106.jpg,los
p9_1_107.jpg,Minis
p9_1_108.jpg,tros
p9_1_109.jpg,de
p9_1_110.jpg,la
p9_1_111.jpg,Iglesia.
p9_1_112.jpg,Con
p9_1_113.jpg,gente
p9_1_114.jpg,"virtuosa,"
p9_1_115.jpg,y
p9_1_116.jpg,dedidada
p9_1_117.jpg,a
p9_1_118.jpg,Dios
p9_1_119.jpg,nunca
p9_1_120.jpg,sustenteys
p9_1_121.jpg,"diferencias,"
p9_1_122.jpg,que
p9_1_123.jpg,saldreys
p9_1_124.jpg,mal
p9_1_125.jpg,"dellas,"
p9_1_126.jpg,porque
p9_1_127.jpg,los
p9_1_128.jpg,ampara
p9_1_129.jpg,el
p9_1_130.jpg,mas
p9_1_131.jpg,poderoso
p9_1_132.jpg,patroci-
p9_1_133.jpg,"nio,"
p9_1_134.jpg,assistiendolos
p9_1_135.jpg,siempre
p9_1_136.jpg,su
p9_1_137.jpg,divina
p9_1_138.jpg,Magestad.
p9_2_0.jpg,A
p9_2_1.jpg,los
p9_2_2.jpg,"Religiosos,"
p9_2_3.jpg,y
p9_2_4.jpg,Religiosas
p9_2_5.jpg,de
p9_2_6.jpg,los
p9_2_7.jpg,Conventos
p9_2_8.jpg,de
p9_2_9.jpg,vuestros
p9_2_10.jpg,"Estados,"
p9_2_11.jpg,dad
p9_2_12.jpg,toda
p9_2_13.jpg,la
p9_2_14.jpg,cortesia
p9_2_15.jpg,que
p9_2_16.jpg,a
p9_2_17.jpg,los
p9_2_18.jpg,de
p9_2_19.jpg,o-
p9_2_20.jpg,tras
p9_2_21.jpg,"partes,"
p9_2_22.jpg,y
p9_2_23.jpg,concededles
p9_2_24.jpg,las
p9_2_25.jpg,cosas
p9_2_26.jpg,de
p9_2_27.jpg,gracia
p9_2_28.jpg,factibles
p9_2_29.jpg,que
p9_2_30.jpg,os
p9_2_31.jpg,pidieren
p9_2_32.jpg,por
p9_2_33.jpg,"criados,"
p9_2_34.jpg,y
p9_2_35.jpg,"vassallos,"
p9_2_36.jpg,para
p9_2_37.jpg,que
p9_2_38.jpg,les
p9_2_39.jpg,queden
p9_2_40.jpg,bien
p9_2_41.jpg,afectos;
p9_2_42.jpg,y
p9_2_43.jpg,siempre
p9_2_44.jpg,vos
p9_2_45.jpg,ganareys
p9_2_46.jpg,en
p9_2_47.jpg,su
p9_2_48.jpg,"comunicación,"
p9_2_49.jpg,bus-
p9_2_50.jpg,cando
p9_2_51.jpg,para
p9_2_52.jpg,ello
p9_2_53.jpg,los
p9_2_54.jpg,mas
p9_2_55.jpg,aprovecha-
p9_2_56.jpg,"dos,"
p9_2_57.jpg,y
p9_2_58.jpg,Doctos:
p9_2_59.jpg,pero
p9_2_60.jpg,mirad
p9_2_61.jpg,mucho
p9_2_62.jpg,en
p9_2_63.jpg,no
p9_2_64.jpg,"distraerlos,"
p9_2_65.jpg,ni
p9_2_66.jpg,hazerlos
p9_2_67.jpg,faltar
p9_2_68.jpg,por
p9_2_69.jpg,vuestro
p9_2_70.jpg,respecto
p9_2_71.jpg,a
p9_2_72.jpg,los
p9_2_73.jpg,de
p9_2_74.jpg,sus
p9_2_75.jpg,institu-
p9_2_76.jpg,"tos,"
p9_2_77.jpg,como
p9_2_78.jpg,tampoco
p9_2_79.jpg,a
p9_2_80.jpg,los
p9_2_81.jpg,Prelados
p9_2_82.jpg,en
p9_2_83.jpg,lo
p9_2_84.jpg,mas
p9_2_85.jpg,conveniente
p9_2_86.jpg,a
p9_2_87.jpg,las
p9_2_88.jpg,Reli-
p9_2_89.jpg,giones:
p9_2_90.jpg,No
p9_2_91.jpg,os
p9_2_92.jpg,mateys
p9_2_93.jpg,en
p9_2_94.jpg,governar-
p9_2_95.jpg,"las,"
p9_2_96.jpg,que
p9_2_97.jpg,ni
p9_2_98.jpg,lo
p9_2_99.jpg,"entienden,"
p9_2_100.jpg,ni
p9_2_101.jpg,es
p9_2_102.jpg,de-
p9_2_103.jpg,cente
p9_2_104.jpg,introduzirse
p9_2_105.jpg,en
p9_2_106.jpg,esto
p9_2_107.jpg,los
p9_2_108.jpg,secu-
p9_2_109.jpg,"lares,"
p9_2_110.jpg,aunque
p9_2_111.jpg,sean
p9_2_112.jpg,"fundadores,"
p9_2_113.jpg,pues
p9_2_114.jpg,por
p9_2_115.jpg,serlo
p9_2_116.jpg,han
p9_2_117.jpg,de
p9_2_118.jpg,dessear
p9_2_119.jpg,mas
p9_2_120.jpg,la
p9_2_121.jpg,per-
p9_2_122.jpg,feccion
p9_2_123.jpg,de
p9_2_124.jpg,aquellas
p9_2_125.jpg,"obras,"
p9_2_126.jpg,que
p9_2_127.jpg,el
p9_2_128.jpg,cumplimiento
p9_2_129.jpg,de
p9_2_130.jpg,sus
p9_2_131.jpg,antojos.
p9_2_132.jpg,Parece
p9_2_133.jpg,que
p9_2_134.jpg,siendo
p9_2_135.jpg,de
p9_2_136.jpg,ordinario
p9_2_137.jpg,en
p9_2_138.jpg,los
p9_2_139.jpg,lugares
p9_2_140.jpg,propios
p9_2_141.jpg,hijos
p9_2_142.jpg,de
p9_2_143.jpg,vas-
p9_2_144.jpg,sallos
p9_2_145.jpg,los
p9_2_146.jpg,"Clerigos,"
p9_2_147.jpg,tendra
p9_2_148.jpg,algun
p9_2_149.jpg,in
p10_1_0.jpg,conveniente
p10_1_1.jpg,tratarlos
p10_1_2.jpg,con
p10_1_3.jpg,tanta
p10_1_4.jpg,fa-
p10_1_5.jpg,"miliaridad,"
p10_1_6.jpg,pero
p10_1_7.jpg,en
p10_1_8.jpg,casos
p10_1_9.jpg,forzosos
p10_1_10.jpg,sea
p10_1_11.jpg,con
p10_1_12.jpg,"cortesia,"
p10_1_13.jpg,y
p10_1_14.jpg,oyendolos
p10_1_15.jpg,alo-
p10_1_16.jpg,menos
p10_1_17.jpg,en
p10_1_18.jpg,"pie,"
p10_1_19.jpg,y
p10_1_20.jpg,haziendolos
p10_1_21.jpg,a
p10_1_22.jpg,ellos
p10_1_23.jpg,cubrir;
p10_1_24.jpg,y
p10_1_25.jpg,aun
p10_1_26.jpg,con
p10_1_27.jpg,vuestros
p10_1_28.jpg,Ca-
p10_1_29.jpg,pellanes
p10_1_30.jpg,no
p10_1_31.jpg,useys
p10_1_32.jpg,"del,"
p10_1_33.jpg,vos
p10_1_34.jpg,ni
p10_1_35.jpg,dexeys
p10_1_36.jpg,de
p10_1_37.jpg,quitarles
p10_1_38.jpg,"elsombrero,"
p10_1_39.jpg,hazed
p10_1_40.jpg,que
p10_1_41.jpg,se
p10_1_42.jpg,"cubran,"
p10_1_43.jpg,y
p10_1_44.jpg,para
p10_1_45.jpg,no
p10_1_46.jpg,estar
p10_1_47.jpg,en
p10_1_48.jpg,"pie,"
p10_1_49.jpg,en
p10_1_50.jpg,vendiciendo
p10_1_51.jpg,la
p10_1_52.jpg,"mesa,"
p10_1_53.jpg,que
p10_1_54.jpg,se
p10_1_55.jpg,vayan.
p10_1_56.jpg,Preciaos
p10_1_57.jpg,de
p10_1_58.jpg,cumplir
p10_1_59.jpg,con
p10_1_60.jpg,las
p10_1_61.jpg,obli-
p10_1_62.jpg,gaciones
p10_1_63.jpg,devidas
p10_1_64.jpg,a
p10_1_65.jpg,vuestra
p10_1_66.jpg,Parro-
p10_1_67.jpg,chia
p10_1_68.jpg,donde
p10_1_69.jpg,quiera
p10_1_70.jpg,que
p10_1_71.jpg,"esteys,"
p10_1_72.jpg,no
p10_1_73.jpg,pretendiendo
p10_1_74.jpg,exempciones
p10_1_75.jpg,en
p10_1_76.jpg,"esto,"
p10_1_77.jpg,ni
p10_1_78.jpg,ceremonias
p10_1_79.jpg,nuevas
p10_1_80.jpg,para
p10_1_81.jpg,vuestra
p10_1_82.jpg,"persona,"
p10_1_83.jpg,sino
p10_1_84.jpg,admitiendo
p10_1_85.jpg,con
p10_1_86.jpg,hu-
p10_1_87.jpg,mildad
p10_1_88.jpg,las
p10_1_89.jpg,que
p10_1_90.jpg,hallaredes
p10_1_91.jpg,introdu-
p10_1_92.jpg,zidas
p10_1_93.jpg,en
p10_1_94.jpg,vuestro
p10_1_95.jpg,Estado
p10_1_96.jpg,con
p10_1_97.jpg,los
p10_1_98.jpg,an-
p10_1_99.jpg,tecessores
p10_1_100.jpg,señores
p10_1_101.jpg,del.
p10_1_102.jpg,Respetad
p10_1_103.jpg,mucho
p10_1_104.jpg,los
p10_1_105.jpg,"Templos,"
p10_1_106.jpg,es-
p10_1_107.jpg,tando
p10_1_108.jpg,en
p10_1_109.jpg,ellos
p10_1_110.jpg,con
p10_1_111.jpg,gran
p10_1_112.jpg,compostura
p10_1_113.jpg,"descubierto,"
p10_1_114.jpg,y
p10_1_115.jpg,de
p10_1_116.jpg,rodillas
p10_1_117.jpg,(no
p10_1_118.jpg,con
p10_1_119.jpg,una
p10_1_120.jpg,sola)
p10_1_121.jpg,quanto
p10_1_122.jpg,"podays,"
p10_1_123.jpg,meditando
p10_1_124.jpg,con
p10_1_125.jpg,el
p10_1_126.jpg,corazon
p10_1_127.jpg,lo
p10_1_128.jpg,que
p10_1_129.jpg,pronuncian
p10_1_130.jpg,los
p10_1_131.jpg,"labios,"
p10_1_132.jpg,atentos
p10_1_133.jpg,los
p10_1_134.jpg,ojos
p10_1_135.jpg,a
p10_1_136.jpg,la
p10_1_137.jpg,Ma-
p10_2_0.jpg,gestad
p10_2_1.jpg,que
p10_2_2.jpg,alli
p10_2_3.jpg,preside.
p10_2_4.jpg,No
p10_2_5.jpg,seays
p10_2_6.jpg,de
p10_2_7.jpg,los
p10_2_8.jpg,"inquietos,"
p10_2_9.jpg,y
p10_2_10.jpg,vagueadores
p10_2_11.jpg,q
p10_2_12.jpg,vio
p10_2_13.jpg,el
p10_2_14.jpg,Propheta;
p10_2_15.jpg,ni
p10_2_16.jpg,permitireys
p10_2_17.jpg,os
p10_2_18.jpg,ha-
p10_2_19.jpg,blen
p10_2_20.jpg,en
p10_2_21.jpg,"negocios,"
p10_2_22.jpg,sino
p10_2_23.jpg,lo
p10_2_24.jpg,muy
p10_2_25.jpg,for-
p10_2_26.jpg,"zoso,"
p10_2_27.jpg,y
p10_2_28.jpg,si
p10_2_29.jpg,para
p10_2_30.jpg,esto
p10_2_31.jpg,algun
p10_2_32.jpg,criado
p10_2_33.jpg,hin-
p10_2_34.jpg,care
p10_2_35.jpg,la
p10_2_36.jpg,"rodilla,"
p10_2_37.jpg,sepa
p10_2_38.jpg,ha
p10_2_39.jpg,de
p10_2_40.jpg,ser
p10_2_41.jpg,enton-
p10_2_42.jpg,ces
p10_2_43.jpg,al
p10_2_44.jpg,"Altar,"
p10_2_45.jpg,y
p10_2_46.jpg,no
p10_2_47.jpg,a
p10_2_48.jpg,vos.
p10_2_49.jpg,Assistid
p10_2_50.jpg,a
p10_2_51.jpg,los
p10_2_52.jpg,divinos
p10_2_53.jpg,Oficios
p10_2_54.jpg,siem-
p10_2_55.jpg,pre
p10_2_56.jpg,que
p10_2_57.jpg,"podays,"
p10_2_58.jpg,no
p10_2_59.jpg,permitiendo
p10_2_60.jpg,si-
p10_2_61.jpg,tial
p10_2_62.jpg,estando
p10_2_63.jpg,patente
p10_2_64.jpg,el
p10_2_65.jpg,Santissimo
p10_2_66.jpg,"Sacramento,"
p10_2_67.jpg,ni
p10_2_68.jpg,en
p10_2_69.jpg,Semana
p10_2_70.jpg,Santa.
p10_2_71.jpg,Oyd
p10_2_72.jpg,de
p10_2_73.jpg,buena
p10_2_74.jpg,gana
p10_2_75.jpg,"Sermones,"
p10_2_76.jpg,con
p10_2_77.jpg,desseo
p10_2_78.jpg,de
p10_2_79.jpg,"aprovechar,"
p10_2_80.jpg,y
p10_2_81.jpg,no
p10_2_82.jpg,di-
p10_2_83.jpg,gays
p10_2_84.jpg,mal
p10_2_85.jpg,de
p10_2_86.jpg,"ninguno,"
p10_2_87.jpg,aunque
p10_2_88.jpg,no
p10_2_89.jpg,os
p10_2_90.jpg,aya
p10_2_91.jpg,parecido
p10_2_92.jpg,bien.
p10_2_93.jpg,Acudireys
p10_2_94.jpg,a
p10_2_95.jpg,las
p10_2_96.jpg,"processiones,"
p10_2_97.jpg,imi-
p10_2_98.jpg,tando
p10_2_99.jpg,alli
p10_2_100.jpg,interiormente
p10_2_101.jpg,el
p10_2_102.jpg,espiritu
p10_2_103.jpg,del
p10_2_104.jpg,Santo
p10_2_105.jpg,Rey
p10_2_106.jpg,David.
p10_2_107.jpg,De
p10_2_108.jpg,las
p10_2_109.jpg,Iglesias
p10_2_110.jpg,de
p10_2_111.jpg,vuestro
p10_2_112.jpg,Estado
p10_2_113.jpg,hareys
p10_2_114.jpg,cuydar
p10_2_115.jpg,mucho
p10_2_116.jpg,(q
p10_2_117.jpg,no
p10_2_118.jpg,esta
p10_2_119.jpg,des-
p10_2_120.jpg,obligados
p10_2_121.jpg,desto
p10_2_122.jpg,los
p10_2_123.jpg,Señores
p10_2_124.jpg,tempora-
p10_2_125.jpg,"les,"
p10_2_126.jpg,por
p10_2_127.jpg,tocar
p10_2_128.jpg,principalmete
p10_2_129.jpg,a
p10_2_130.jpg,los
p10_2_131.jpg,O-
p10_2_132.jpg,bispos)
p10_2_133.jpg,procurad
p10_2_134.jpg,las
p10_2_135.jpg,tega
p10_2_136.jpg,co
p10_2_137.jpg,todas
p10_2_138.jpg,de-
p10_2_139.jpg,"cencia,"
p10_2_140.jpg,y
p10_2_141.jpg,proveydas
p10_2_142.jpg,de
p10_2_143.jpg,lo
p10_2_144.jpg,necessario;
p11_1_0.jpg,y
p11_1_1.jpg,para
p11_1_2.jpg,"edificarlas,"
p11_1_3.jpg,y
p11_1_4.jpg,"adornarlas,"
p11_1_5.jpg,con
p11_1_6.jpg,"Retablos,"
p11_1_7.jpg,como
p11_1_8.jpg,tambien
p11_1_9.jpg,para
p11_1_10.jpg,Her-
p11_1_11.jpg,"mitas,"
p11_1_12.jpg,y
p11_1_13.jpg,otras
p11_1_14.jpg,cosas
p11_1_15.jpg,de
p11_1_16.jpg,devocion
p11_1_17.jpg,de
p11_1_18.jpg,vuestros
p11_1_19.jpg,vassallos
p11_1_20.jpg,los
p11_1_21.jpg,ayudareys
p11_1_22.jpg,con
p11_1_23.jpg,"limosnas,"
p11_1_24.jpg,y
p11_1_25.jpg,se
p11_1_26.jpg,las
p11_1_27.jpg,alabareys.
p11_1_28.jpg,Para
p11_1_29.jpg,las
p11_1_30.jpg,fiestas
p11_1_31.jpg,de
p11_1_32.jpg,"acavallo,"
p11_1_33.jpg,y
p11_1_34.jpg,ar-
p11_1_35.jpg,mas
p11_1_36.jpg,que
p11_1_37.jpg,huvieredes
p11_1_38.jpg,de
p11_1_39.jpg,"hazer,"
p11_1_40.jpg,to-
p11_1_41.jpg,mad
p11_1_42.jpg,motivos
p11_1_43.jpg,devotos
p11_1_44.jpg,en
p11_1_45.jpg,honra
p11_1_46.jpg,de
p11_1_47.jpg,nuestro
p11_1_48.jpg,"Señor,"
p11_1_49.jpg,y
p11_1_50.jpg,de
p11_1_51.jpg,sus
p11_1_52.jpg,"Santos,"
p11_1_53.jpg,por-
p11_1_54.jpg,que
p11_1_55.jpg,saqueys
p11_1_56.jpg,provecho
p11_1_57.jpg,de
p11_1_58.jpg,"todo,"
p11_1_59.jpg,y
p11_1_60.jpg,no
p11_1_61.jpg,aya
p11_1_62.jpg,en
p11_1_63.jpg,ellas
p11_1_64.jpg,desgracias.
p11_1_65.jpg,Cada
p11_1_66.jpg,año
p11_1_67.jpg,celebrareys
p11_1_68.jpg,con
p11_1_69.jpg,solem-
p11_1_70.jpg,nidad
p11_1_71.jpg,de
p11_1_72.jpg,la
p11_1_73.jpg,Iglesia
p11_1_74.jpg,(a
p11_1_75.jpg,lo
p11_1_76.jpg,menos)
p11_1_77.jpg,la
p11_1_78.jpg,Fiesta
p11_1_79.jpg,del
p11_1_80.jpg,Santo
p11_1_81.jpg,de
p11_1_82.jpg,vuestro
p11_1_83.jpg,nombre.
p11_1_84.jpg,Y
p11_1_85.jpg,del
p11_1_86.jpg,Angel
p11_1_87.jpg,de
p11_1_88.jpg,la
p11_1_89.jpg,"Guarda,"
p11_1_90.jpg,a
p11_1_91.jpg,quien
p11_1_92.jpg,aveys
p11_1_93.jpg,de
p11_1_94.jpg,tener
p11_1_95.jpg,gran
p11_1_96.jpg,"respeto,"
p11_1_97.jpg,conti-
p11_1_98.jpg,nua
p11_1_99.jpg,consideracion
p11_1_100.jpg,de
p11_1_101.jpg,traerle
p11_1_102.jpg,pre-
p11_1_103.jpg,"sente,"
p11_1_104.jpg,y
p11_1_105.jpg,agradecimiento
p11_1_106.jpg,a
p11_1_107.jpg,los
p11_1_108.jpg,mu-
p11_1_109.jpg,chos
p11_1_110.jpg,"beneficios,"
p11_1_111.jpg,que
p11_1_112.jpg,según
p11_1_113.jpg,ponde-
p11_1_114.jpg,ran
p11_1_115.jpg,los
p11_1_116.jpg,Santos
p11_1_117.jpg,Doctores
p11_1_118.jpg,"Bernardo,"
p11_1_119.jpg,"Ambrosio,"
p11_1_120.jpg,y
p11_1_121.jpg,"Basilio,"
p11_1_122.jpg,exercitan
p11_1_123.jpg,estos
p11_1_124.jpg,gloriosos
p11_1_125.jpg,Angeles
p11_1_126.jpg,con
p11_1_127.jpg,todas
p11_1_128.jpg,las
p11_1_129.jpg,al-
p11_1_130.jpg,mas
p11_1_131.jpg,de
p11_1_132.jpg,que
p11_1_133.jpg,tienen
p11_1_134.jpg,tutela;
p11_1_135.jpg,"Platon,"
p11_1_136.jpg,y
p11_1_137.jpg,otros
p11_1_138.jpg,muchos
p11_1_139.jpg,Philosophos
p11_1_140.jpg,Gen-
p11_2_0.jpg,Tiles
p11_2_1.jpg,lo
p11_2_2.jpg,conocieron
p11_2_3.jpg,"assi,"
p11_2_4.jpg,y
p11_2_5.jpg,los
p11_2_6.jpg,vene-
p11_2_7.jpg,raron
p11_2_8.jpg,por
p11_2_9.jpg,ello.
p11_2_10.jpg,Mas
p11_2_11.jpg,vuestra
p11_2_12.jpg,mayor
p11_2_13.jpg,Fiesta
p11_2_14.jpg,reser-
p11_2_15.jpg,vad
p11_2_16.jpg,para
p11_2_17.jpg,el
p11_2_18.jpg,dia
p11_2_19.jpg,en
p11_2_20.jpg,que
p11_2_21.jpg,cumplieredes
p11_2_22.jpg,años
p11_2_23.jpg,de
p11_2_24.jpg,"Bautismo,"
p11_2_25.jpg,este
p11_2_26.jpg,han
p11_2_27.jpg,de
p11_2_28.jpg,ser
p11_2_29.jpg,las
p11_2_30.jpg,"galas,"
p11_2_31.jpg,y
p11_2_32.jpg,"regozijo,"
p11_2_33.jpg,en
p11_2_34.jpg,reconocimien-
p11_2_35.jpg,to
p11_2_36.jpg,de
p11_2_37.jpg,averos
p11_2_38.jpg,hecho
p11_2_39.jpg,Dios
p11_2_40.jpg,hijo
p11_2_41.jpg,de
p11_2_42.jpg,su
p11_2_43.jpg,"Iglesia,"
p11_2_44.jpg,y
p11_2_45.jpg,no
p11_2_46.jpg,como
p11_2_47.jpg,se
p11_2_48.jpg,acostumbra
p11_2_49.jpg,en
p11_2_50.jpg,el
p11_2_51.jpg,que
p11_2_52.jpg,nacimos
p11_2_53.jpg,hijos
p11_2_54.jpg,de
p11_2_55.jpg,"ira,"
p11_2_56.jpg,cuya
p11_2_57.jpg,memoria
p11_2_58.jpg,siepre
p11_2_59.jpg,nos
p11_2_60.jpg,devria
p11_2_61.jpg,entriste-
p11_2_62.jpg,"zer,"
p11_2_63.jpg,"enternezer,"
p11_2_64.jpg,y
p11_2_65.jpg,lastimar;
p11_2_66.jpg,y
p11_2_67.jpg,una
p11_2_68.jpg,de
p11_2_69.jpg,las
p11_2_70.jpg,acciones
p11_2_71.jpg,que
p11_2_72.jpg,aveys
p11_2_73.jpg,de
p11_2_74.jpg,hazer
p11_2_75.jpg,con
p11_2_76.jpg,mucha
p11_2_77.jpg,atencion
p11_2_78.jpg,y
p11_2_79.jpg,devocion
p11_2_80.jpg,en
p11_2_81.jpg,el
p11_2_82.jpg,dia
p11_2_83.jpg,desta
p11_2_84.jpg,"Fiesta,"
p11_2_85.jpg,ha
p11_2_86.jpg,de
p11_2_87.jpg,ser
p11_2_88.jpg,ofrecer
p11_2_89.jpg,en
p11_2_90.jpg,la
p11_2_91.jpg,Missa
p11_2_92.jpg,(saliendo
p11_2_93.jpg,de
p11_2_94.jpg,vuestro
